neighborhood_id,blkgrp_year,gisjoin,percent_inside
324,2010,G41005100056002,100
349,2010,G41005100058003,0
435,2010,G41005100058003,100
434,2010,G41005100059003,100
30,2010,G41005100099061,4.062
47,2010,G41005100099061,2.406
299,2010,G41005100099061,93.46
422,2010,G41005100099061,0.072
345,2010,G41005100051003,95.784
319,2010,G41005100051003,0.004
311,2010,G41005100051003,4.175
291,2010,G41005100051003,0.036
277,2010,G41005100051003,0
197,2010,G41005100064032,0.018
286,2010,G41005100064032,96.432
343,2010,G41005100064032,0.372
392,2010,G41005100064032,3.178
286,2010,G41005100065012,0.032
3,2010,G41005100065012,62.866
343,2010,G41005100065012,0.026
366,2010,G41005100065012,0.482
409,2010,G41005100065012,36.593
197,2010,G41005100064041,12.322
286,2010,G41005100064041,14.716
12,2010,G41005100064041,72.962
342,2010,G41005100098033,20.546
72,2010,G41005100098033,79.454
80,2010,G41005100088003,0.01
94,2010,G41005100088003,13.93
52,2010,G41005100088003,1.268
147,2010,G41005100088003,84.711
407,2010,G41005100088003,0.081
0,2010,G41005100088003,0
362,2010,G41005100074001,100
365,2010,G41005100074002,0
362,2010,G41005100074002,100
374,2010,G41005100003026,0.012
431,2010,G41005100003026,99.988
186,2010,G41005100003024,0.016
190,2010,G41005100003024,34.389
80,2010,G41005100003024,14.951
94,2010,G41005100003024,0.361
52,2010,G41005100003024,0.007
147,2010,G41005100003024,0.003
407,2010,G41005100003024,1.316
431,2010,G41005100003024,40.044
432,2010,G41005100003024,8.912
407,2010,G41005100004011,99.789
438,2010,G41005100004011,0.211
322,2010,G41005100004021,22.678
407,2010,G41005100004021,77.244
438,2010,G41005100004021,0.078
147,2010,G41005100087002,100
147,2010,G41005100087001,99.951
322,2010,G41005100087001,0.049
437,2010,G41005100007012,0.018
348,2010,G41005100007012,0.124
436,2010,G41005100007012,99.858
322,2010,G41005100007024,0.06
348,2010,G41005100007024,99.939
438,2010,G41005100007024,0
289,2010,G41005100094003,58.303
344,2010,G41005100094003,0.549
36,2010,G41005100094003,41.148
351,2010,G41005100009012,99.578
438,2010,G41005100009012,0.422
350,2010,G41005100009023,0.096
347,2010,G41005100009023,0.001
375,2010,G41005100009023,0.012
438,2010,G41005100009023,99.891
365,2010,G41005100030001,99.914
362,2010,G41005100030001,0.052
381,2010,G41005100030001,0.033
342,2010,G41005100097013,100
350,2010,G41005100012012,0.182
352,2010,G41005100012012,69.571
328,2010,G41005100012012,30.246
351,2010,G41005100012012,0
277,2010,G41005100033022,0
384,2010,G41005100033022,0
60,2010,G41005100033022,99.975
278,2010,G41005100033022,0.015
382,2010,G41005100033022,0.01
60,2010,G41005100033021,4.874
279,2010,G41005100033021,0.018
278,2010,G41005100033021,0
382,2010,G41005100033021,95.107
364,2010,G41005100035011,100
275,2010,G41005100036014,0.009
60,2010,G41005100036014,65.544
276,2010,G41005100036014,34.448
59,2010,G41005100036014,0
56,2010,G41005100104081,0.232
38,2010,G41005100104081,99.768
253,2010,G41005100104082,0.064
56,2010,G41005100104082,98.477
38,2010,G41005100104082,0.54
71,2010,G41005100104082,0.918
275,2010,G41005100037013,100
275,2010,G41005100037011,99.923
224,2010,G41005100037011,0.073
276,2010,G41005100037011,0.004
68,2010,G41005100083011,99.877
437,2010,G41005100083011,0.001
348,2010,G41005100083011,0.122
436,2010,G41005100083011,0
63,2010,G41005100068022,0.263
194,2010,G41005100068022,8.999
346,2010,G41005100068022,90.739
315,2010,G41005100019002,99.978
320,2010,G41005100019002,0.022
352,2010,G41005100020004,83.343
319,2010,G41005100020004,16.657
363,2010,G41005100039021,100
273,2010,G41005100040014,0.039
272,2010,G41005100040014,99.23
40,2010,G41005100040014,0.731
278,2010,G41005100024013,100
278,2010,G41005100024012,100
273,2010,G41005100040023,98.476
272,2010,G41005100040023,0.003
271,2010,G41005100040023,1.178
40,2010,G41005100040023,0.343
40,2010,G41005100041013,100
271,2010,G41005100041014,2.996
40,2010,G41005100041014,97.004
278,2010,G41005100025021,0.038
312,2010,G41005100025021,0.007
318,2010,G41005100025021,99.955
319,2010,G41005100025022,1.14
278,2010,G41005100025022,0
312,2010,G41005100025022,98.85
82,2010,G41005100025022,0.002
315,2010,G41005100025022,0
318,2010,G41005100025022,0.008
177,2010,G41005100103061,0.026
189,2010,G41005100103061,99.741
169,2010,G41005100103061,0.189
200,2010,G41005100103061,0.044
53,2010,G41005100104023,0.857
38,2010,G41005100104023,9.126
71,2010,G41005100104023,89.949
111,2010,G41005100104023,0.068
352,2010,G41005100021002,76.574
319,2010,G41005100021002,23.426
268,2010,G41005100047001,0.004
316,2010,G41005100047001,0.033
358,2010,G41005100047001,99.963
101,2010,G41005100096062,99.845
77,2010,G41005100096062,0.001
418,2010,G41005100096062,0.155
101,2010,G41005100096032,99.891
77,2010,G41005100096032,0.08
99,2010,G41005100096032,0.029
358,2010,G41005100052003,0.001
430,2010,G41005100052003,99.999
349,2010,G41005100055001,0.098
327,2010,G41005100055001,60.063
324,2010,G41005100055001,16.86
430,2010,G41005100055001,22.98
148,2010,G41000500228004,37.931
145,2010,G41000500228004,0.159
150,2010,G41000500228004,0.847
149,2010,G41000500228004,60.83
148,2010,G41000500238001,99.827
145,2010,G41000500238001,0.173
18,2010,G41006700304012,0.015
65,2010,G41006700304012,46.947
20,2010,G41006700304012,53.038
3,2010,G41006700306001,2.89
65,2010,G41006700306001,0.06
366,2010,G41006700306001,97.05
24,2010,G41006700316174,100
24,2010,G41006700316173,98.955
229,2010,G41006700316173,1.045
69,2010,G41006700312004,99.936
67,2010,G41006700312004,0.038
35,2010,G41006700312004,0.026
69,2010,G41006700314021,54.991
46,2010,G41006700314021,2.35
359,2010,G41006700314021,42.66
376,2010,G41000500205042,24.039
377,2010,G41000500205042,34.41
131,2010,G41000500205042,30.655
130,2010,G41000500205042,0.179
179,2010,G41000500205042,8.494
22,2010,G41000500205042,0.008
262,2010,G41000500205042,0.025
16,2010,G41000500221071,34.038
55,2010,G41000500221071,0.538
0,2010,G41000500221071,18.089
300,2010,G41000500221071,23.024
301,2010,G41000500221071,24.311
245,2010,G41006700318072,0.058
67,2010,G41006700318072,0.661
32,2010,G41006700318072,99.28
412,2010,G41006700324091,100
340,2010,G41000500215002,0.004
16,2010,G41000500215002,0.023
55,2010,G41000500215002,73.694
37,2010,G41000500215002,19.813
158,2010,G41000500215002,6.127
0,2010,G41000500215002,0.172
185,2010,G41000500215002,0.166
69,2010,G41006700301021,73.694
46,2010,G41006700301021,0.332
39,2010,G41006700301021,14.534
420,2010,G41006700301021,11.441
128,2010,G41000500241002,1.57
123,2010,G41000500241002,33.584
116,2010,G41000500241002,64.846
123,2010,G41000500241001,0.137
116,2010,G41000500241001,68.96
115,2010,G41000500241001,30.904
45,2010,G41000500222052,0.569
300,2010,G41000500222052,29.491
301,2010,G41000500222052,69.939
300,2010,G41000500221052,98.024
301,2010,G41000500221052,1.976
304,2010,G41006700319072,100
19,2010,G41006700320053,0.006
288,2010,G41006700320053,71.173
321,2010,G41006700320053,28.821
123,2010,G41000500237004,22.739
116,2010,G41000500237004,0.018
115,2010,G41000500237004,45.723
89,2010,G41000500237004,23.823
219,2010,G41000500237004,7.698
89,2010,G41000500237002,83.391
219,2010,G41000500237002,16.609
31,2010,G41006700332001,20.919
84,2010,G41006700332001,76.996
250,2010,G41006700332001,2.085
92,2010,G41000500223011,90.547
91,2010,G41000500223011,9.453
120,2010,G41000500226053,0.03
110,2010,G41000500226053,54.341
88,2010,G41000500226053,18.076
87,2010,G41000500226053,12.559
165,2010,G41000500226053,0.001
219,2010,G41000500226053,14.95
226,2010,G41000500226053,0.044
114,2010,G41006700330002,0.051
83,2010,G41006700330002,66.011
85,2010,G41006700330002,33.819
250,2010,G41006700334001,0.004
81,2010,G41006700334001,44.917
442,2010,G41006700334001,55.078
37,2010,G41000500212002,53.097
191,2010,G41000500212002,46.903
126,2010,G41000500227072,14.748
113,2010,G41000500227072,75.845
121,2010,G41000500227072,9.407
51,2010,G41006700318042,0.032
223,2010,G41006700318042,99.968
223,2010,G41006700318062,64.538
32,2010,G41006700318062,35.462
83,2010,G41006700329022,0.195
31,2010,G41006700329022,52.4
84,2010,G41006700329022,47.405
84,2010,G41006700333011,86.104
250,2010,G41006700333011,13.896
78,2010,G41000500230012,16.856
92,2010,G41000500230012,0.029
219,2010,G41000500230012,83.116
104,2010,G41006700318132,99.94
107,2010,G41006700318132,0.06
366,2010,G41006700319074,0.91
304,2010,G41006700319074,99.09
366,2010,G41006700319082,0.114
97,2010,G41006700319082,99.273
304,2010,G41006700319082,0.612
51,2010,G41006700316152,99.992
412,2010,G41006700316152,0.008
93,2010,G41000500220003,99.393
55,2010,G41000500220003,0.607
93,2010,G41000500220002,85.434
61,2010,G41000500220002,14.565
37,2010,G41000500220002,0
51,2010,G41006700316154,100
96,2010,G41000500202001,0.003
187,2010,G41000500202001,0.036
155,2010,G41000500202001,99.724
25,2010,G41000500202001,0.237
15,2010,G41000500202001,0
13,2010,G41000500221031,22.502
300,2010,G41000500221031,58.325
301,2010,G41000500221031,19.067
307,2010,G41000500221031,0.084
309,2010,G41000500221031,0.021
51,2010,G41006700316061,100
51,2010,G41006700316062,100
37,2010,G41000500212003,100
37,2010,G41000500213003,99.132
136,2010,G41000500213003,0.868
51,2010,G41006700317051,99.995
223,2010,G41006700317051,0.005
51,2010,G41006700318061,0.475
223,2010,G41006700318061,48.444
32,2010,G41006700318061,51.081
110,2010,G41000500225004,0.491
144,2010,G41000500225004,10.885
74,2010,G41000500225004,13.963
58,2010,G41000500225004,0.044
413,2010,G41000500225004,27.203
313,2010,G41000500225004,0.893
410,2010,G41000500225004,46.521
114,2010,G41006700317041,0.06
51,2010,G41006700317041,99.94
105,2010,G41006700304022,94.603
20,2010,G41006700304022,5.397
69,2010,G41006700310032,0.275
67,2010,G41006700310032,99.725
32,2010,G41006700310032,0
67,2010,G41006700310033,99.969
32,2010,G41006700310033,0.031
142,2010,G41000500234044,100
139,2010,G41000500205031,36.839
22,2010,G41000500205031,8.775
183,2010,G41000500205031,0
134,2010,G41000500205031,3.957
9,2010,G41000500205031,34.232
262,2010,G41000500205031,16.196
149,2010,G41004700102021,0.195
342,2010,G41005100097022,16.191
72,2010,G41005100097022,83.801
101,2010,G41005100097022,0.008
30,2010,G41005100099051,20.36
299,2010,G41005100099051,42.071
422,2010,G41005100099051,37.569
2,2010,G41005100064031,0.009
197,2010,G41005100064031,0.048
286,2010,G41005100064031,99.944
39,2010,G41005100070004,0.042
354,2010,G41005100070004,88.627
428,2010,G41005100070004,11.33
299,2010,G41005100099031,0.243
422,2010,G41005100099031,99.757
75,2010,G41005100100013,68.315
47,2010,G41005100100013,31.585
99,2010,G41005100100013,0.1
253,2010,G41005100104084,0.008
56,2010,G41005100104084,99.992
189,2010,G41005100103062,71.225
200,2010,G41005100103062,28.775
342,2010,G41005100091021,55.05
437,2010,G41005100091021,44.95
328,2010,G41005100013023,0.047
351,2010,G41005100013023,99.953
277,2010,G41005100024011,0
279,2010,G41005100024011,44.415
278,2010,G41005100024011,55.584
382,2010,G41005100024011,0.001
324,2010,G41005100056004,100
343,2010,G41005100066023,99.959
132,2010,G41005100066023,0.037
63,2010,G41005100066023,0.004
282,2010,G41005100080012,86.398
344,2010,G41005100080012,1.147
310,2010,G41005100080012,12.455
181,2010,G41005100002002,89.894
347,2010,G41005100002002,0
431,2010,G41005100002002,10.106
407,2010,G41005100003025,0.066
431,2010,G41005100003025,99.934
329,2010,G41005100082022,65.452
344,2010,G41005100082022,34.548
68,2010,G41005100083012,0.166
437,2010,G41005100083012,99.718
314,2010,G41005100083012,0.083
436,2010,G41005100083012,0.033
407,2010,G41005100004012,100
322,2010,G41005100004022,27.847
407,2010,G41005100004022,72.153
147,2010,G41005100005013,0.318
322,2010,G41005100005013,99.682
68,2010,G41005100085001,0.002
341,2010,G41005100085001,0.001
137,2010,G41005100085001,0.101
380,2010,G41005100085001,0.002
437,2010,G41005100085001,99.894
68,2010,G41005100086001,0.046
147,2010,G41005100086001,99.816
322,2010,G41005100086001,0.138
68,2010,G41005100006012,100
344,2010,G41005100092011,99.906
437,2010,G41005100092011,0.094
344,2010,G41005100092022,1.462
342,2010,G41005100092022,98.538
282,2010,G41005100094004,0.053
289,2010,G41005100094004,75.926
367,2010,G41005100094004,5.647
36,2010,G41005100094004,18.374
342,2010,G41005100097012,100
173,2010,G41005100029011,0
331,2010,G41005100029011,99.99
362,2010,G41005100029011,0.01
350,2010,G41005100010001,0.034
347,2010,G41005100010001,99.966
352,2010,G41005100012014,100
319,2010,G41005100013014,0.006
315,2010,G41005100013014,0.086
328,2010,G41005100013014,99.907
328,2010,G41005100013013,100
279,2010,G41005100032004,0.019
280,2010,G41005100032004,0.015
382,2010,G41005100032004,71.405
383,2010,G41005100032004,28.561
59,2010,G41005100032002,29.581
365,2010,G41005100032002,22.21
382,2010,G41005100032002,48.208
383,2010,G41005100032002,0.002
368,2010,G41005100034013,99.986
384,2010,G41005100034013,0.014
368,2010,G41005100034012,52.865
384,2010,G41005100034012,0
60,2010,G41005100034012,47.134
437,2010,G41005100016023,0.291
314,2010,G41005100016023,99.709
277,2010,G41005100034021,0.004
368,2010,G41005100034021,0.006
384,2010,G41005100034021,55.549
60,2010,G41005100034021,44.441
364,2010,G41005100035012,100
60,2010,G41005100036011,0.333
276,2010,G41005100036011,35.092
59,2010,G41005100036011,64.576
276,2010,G41005100036023,45.792
59,2010,G41005100036023,40.075
365,2010,G41005100036023,14.133
173,2010,G41005100017021,6.708
344,2010,G41005100017021,0.012
314,2010,G41005100017021,93.28
314,2010,G41005100017022,100
275,2010,G41005100037022,0.036
368,2010,G41005100037022,54.782
60,2010,G41005100037022,45.182
275,2010,G41005100038011,46.922
224,2010,G41005100038011,0.117
269,2010,G41005100038011,52.96
363,2010,G41005100038011,0
352,2010,G41005100021001,31.69
319,2010,G41005100021001,64.178
311,2010,G41005100021001,2.932
34,2010,G41005100021001,1.103
312,2010,G41005100021001,0.097
319,2010,G41005100020002,99.99
315,2010,G41005100020002,0.01
277,2010,G41005100022031,63.344
265,2010,G41005100022031,9.869
364,2010,G41005100022031,1.611
384,2010,G41005100022031,25.176
277,2010,G41005100022032,96.437
384,2010,G41005100022032,0.002
60,2010,G41005100022032,0.055
278,2010,G41005100022032,3.506
277,2010,G41005100022034,88.512
278,2010,G41005100022034,11.488
279,2010,G41005100025016,37.536
278,2010,G41005100025016,0.012
280,2010,G41005100025016,62.427
383,2010,G41005100025016,0.026
278,2010,G41005100025014,99.993
280,2010,G41005100025014,0.007
40,2010,G41005100041012,100
40,2010,G41005100041024,100
374,2010,G41005100003013,0.003
375,2010,G41005100003013,99.896
438,2010,G41005100003013,0.101
350,2010,G41005100011012,0.169
352,2010,G41005100011012,99.831
251,2010,G41005100104071,0.038
53,2010,G41005100104071,76.445
38,2010,G41005100104071,0.034
71,2010,G41005100104071,23.482
296,2010,G41005100101001,100
344,2010,G41005100094005,0.001
36,2010,G41005100094005,98.958
418,2010,G41005100094005,1.042
149,2010,G41000500228003,99.719
126,2010,G41000500228003,0.008
113,2010,G41000500228003,0.151
339,2010,G41000500228003,0.042
128,2010,G41000500238005,0.131
123,2010,G41000500238005,45.773
148,2010,G41000500238005,53.879
89,2010,G41000500238005,0.124
145,2010,G41000500238005,0.093
148,2010,G41000500238003,99.605
175,2010,G41000500211001,0.482
186,2010,G41000500211001,34.923
355,2010,G41000500211001,64.062
52,2010,G41000500211001,0.007
185,2010,G41000500211001,0.526
175,2010,G41000500212001,0.743
230,2010,G41000500212001,0.919
37,2010,G41000500212001,50.428
191,2010,G41000500212001,47.833
255,2010,G41000500212001,0.077
107,2010,G41006700310061,0.017
76,2010,G41006700310061,64.442
67,2010,G41006700310061,35.11
35,2010,G41006700310061,0.431
107,2010,G41006700310064,0.26
76,2010,G41006700310064,99.025
366,2010,G41006700310064,0.549
97,2010,G41006700310064,0.166
302,2010,G41006700314042,84.192
69,2010,G41006700314042,15.808
69,2010,G41006700301022,1.126
39,2010,G41006700301022,90.843
354,2010,G41006700301022,8.03
428,2010,G41006700301022,0
18,2010,G41006700301014,0.316
39,2010,G41006700301014,99.678
429,2010,G41006700301014,0.006
51,2010,G41006700316093,0.026
24,2010,G41006700316093,99.941
412,2010,G41006700316093,0.034
245,2010,G41006700318142,99.781
223,2010,G41006700318142,0.135
32,2010,G41006700318142,0.084
250,2010,G41006700327001,0
81,2010,G41006700327001,1.22
442,2010,G41006700327001,98.757
31,2010,G41006700326044,0.005
412,2010,G41006700326044,98.771
442,2010,G41006700326044,1.223
412,2010,G41006700326062,100
245,2010,G41006700318141,99.849
32,2010,G41006700318141,0.151
112,2010,G41000500242002,99.953
140,2010,G41000500242002,0.047
128,2010,G41000500240002,96.213
123,2010,G41000500240002,2.113
93,2010,G41000500218013,6.628
55,2010,G41000500218013,48.893
37,2010,G41000500218013,44.479
93,2010,G41000500220001,75.334
61,2010,G41000500220001,0.061
55,2010,G41000500220001,17.021
37,2010,G41000500220001,7.584
112,2010,G41000500243022,42.42
140,2010,G41000500243022,0.705
124,2010,G41000500243022,51.847
142,2010,G41000500243022,5.027
16,2010,G41000500221013,0.043
55,2010,G41000500221013,77.951
129,2010,G41000500221013,22.006
300,2010,G41000500222072,14.679
301,2010,G41000500222072,85.321
149,2010,G41000500227081,1.171
126,2010,G41000500227081,59.906
113,2010,G41000500227081,0.034
121,2010,G41000500227081,38.697
259,2010,G41000500227081,0.044
68,2010,G41000500222062,2.236
133,2010,G41000500222062,0.003
137,2010,G41000500222062,0.057
49,2010,G41000500222062,41.222
301,2010,G41000500222062,56.482
110,2010,G41000500226061,51.339
87,2010,G41000500226061,2.382
108,2010,G41000500226061,8.837
165,2010,G41000500226061,23.681
413,2010,G41000500226061,0.044
188,2010,G41000500226061,13.439
175,2010,G41000500208001,27.966
230,2010,G41000500208001,0.105
184,2010,G41000500208001,26.563
186,2010,G41000500208001,0.149
172,2010,G41000500208001,39.37
244,2010,G41000500208001,0.052
181,2010,G41000500208001,5.754
190,2010,G41000500208001,0.025
191,2010,G41000500208001,0.016
196,2010,G41000500210001,3.473
166,2010,G41000500210001,0.774
52,2010,G41000500210001,50.079
147,2010,G41000500210001,0.409
0,2010,G41000500210001,44.99
262,2010,G41000500227021,6.905
288,2010,G41000500227021,90.254
321,2010,G41000500227021,0.329
334,2010,G41000500227021,2.511
88,2010,G41000500226051,0.001
87,2010,G41000500226051,99.895
165,2010,G41000500226051,0.027
144,2010,G41000500226051,0.066
413,2010,G41000500226051,0.011
31,2010,G41006700329012,21.29
84,2010,G41006700329012,1.161
250,2010,G41006700329012,76.797
442,2010,G41006700329012,0.753
83,2010,G41006700329024,0.481
31,2010,G41006700329024,99.519
340,2010,G41000500216023,13.213
0,2010,G41000500216023,86.787
229,2010,G41006700315042,100
366,2010,G41006700319073,0.572
97,2010,G41006700319073,0.473
304,2010,G41006700319073,98.955
68,2010,G41000500222011,0.012
0,2010,G41000500222011,98.842
49,2010,G41000500222011,1.146
92,2010,G41000500223022,71.769
219,2010,G41000500223022,28.214
226,2010,G41000500223022,0.018
302,2010,G41006700314044,100
221,2010,G41006700314032,0.017
17,2010,G41006700314032,85.339
46,2010,G41006700314032,14.644
442,2010,G41006700327002,100
145,2010,G41000500229051,21.333
149,2010,G41000500229051,78.118
339,2010,G41000500229051,0.549
412,2010,G41006700326031,3.769
442,2010,G41006700326031,96.231
412,2010,G41006700326065,100
46,2010,G41006700315112,9.829
229,2010,G41006700315112,90.171
51,2010,G41006700317063,97.969
46,2010,G41006700317063,0.613
223,2010,G41006700317063,1.418
51,2010,G41006700317031,100
229,2010,G41006700315142,100
51,2010,G41006700316091,0.171
24,2010,G41006700316091,99.829
104,2010,G41006700310044,0.181
107,2010,G41006700310044,99.548
76,2010,G41006700310044,0.039
97,2010,G41006700310044,0.232
221,2010,G41006700314022,32.981
69,2010,G41006700314022,0.002
46,2010,G41006700314022,65.497
32,2010,G41006700314022,1.52
115,2010,G41000500231003,1.329
78,2010,G41000500231003,88.51
92,2010,G41000500231003,4.803
219,2010,G41000500231003,5.358
3,2010,G41006700304021,0.091
65,2010,G41006700304021,95.134
63,2010,G41006700304021,0.003
20,2010,G41006700304021,4.772
366,2010,G41006700309001,99.928
97,2010,G41006700309001,0.072
97,2010,G41006700319112,100
92,2010,G41000500221081,0.291
93,2010,G41000500221081,5.936
16,2010,G41000500221081,90.416
301,2010,G41000500221081,3.358
140,2010,G41000500235002,13.589
124,2010,G41000500235002,20.311
142,2010,G41000500235002,66.1
114,2010,G41007100303022,0.048
85,2010,G41007100304002,0.043
434,2010,G41005100059001,94.961
244,2010,G41005100059001,0.035
347,2010,G41005100059001,5.004
434,2010,G41005100059004,99.272
435,2010,G41005100059004,0.417
194,2010,G41005100059004,0.311
72,2010,G41005100098032,65.356
137,2010,G41005100098032,25.573
378,2010,G41005100098032,8.06
422,2010,G41005100098032,1.011
72,2010,G41005100099033,0.176
137,2010,G41005100099033,34.501
422,2010,G41005100099033,65.323
343,2010,G41005100062003,1.092
391,2010,G41005100062003,1.589
392,2010,G41005100062003,97.138
408,2010,G41005100062003,0.18
253,2010,G41005100099062,5.724
47,2010,G41005100099062,3.327
299,2010,G41005100099062,90.949
99,2010,G41005100104054,99.026
251,2010,G41005100104054,0.558
53,2010,G41005100104054,0.415
251,2010,G41005100104112,0.097
53,2010,G41005100104112,99.903
251,2010,G41005100104103,99.996
53,2010,G41005100104103,0.004
343,2010,G41005100066021,26.301
194,2010,G41005100066021,72.606
391,2010,G41005100066021,1.092
343,2010,G41005100067022,0.042
63,2010,G41005100067022,99.958
172,2010,G41005100002004,0.04
181,2010,G41005100002004,91.174
190,2010,G41005100002004,8.784
432,2010,G41005100002004,0.002
350,2010,G41005100011021,100
324,2010,G41005100056003,100
72,2010,G41005100099052,7.635
30,2010,G41005100099052,0.016
422,2010,G41005100099052,92.349
253,2010,G41005100099072,99.653
47,2010,G41005100099072,0.015
56,2010,G41005100099072,0.332
349,2010,G41005100060012,0.032
435,2010,G41005100060012,51.7
332,2010,G41005100060012,2.409
194,2010,G41005100060012,45.854
379,2010,G41005100060012,0.005
99,2010,G41005100104051,100
99,2010,G41005100104052,100
2,2010,G41005100064033,24.657
286,2010,G41005100064033,73.707
343,2010,G41005100064033,0.001
409,2010,G41005100064033,1.635
197,2010,G41005100064021,19.024
286,2010,G41005100064021,0.002
161,2010,G41005100064021,0.111
343,2010,G41005100064021,0
392,2010,G41005100064021,33.238
408,2010,G41005100064021,47.625
101,2010,G41005100100022,0.028
75,2010,G41005100100022,99.677
99,2010,G41005100100022,0.295
342,2010,G41005100098034,25.349
72,2010,G41005100098034,74.422
378,2010,G41005100098034,0.229
173,2010,G41005100078002,38.634
156,2010,G41005100078002,48.244
95,2010,G41005100078002,12.791
298,2010,G41005100078002,0.332
275,2010,G41005100038032,24.826
363,2010,G41005100038032,23.767
364,2010,G41005100038032,25.174
368,2010,G41005100038032,26.234
273,2010,G41005100040024,99.999
272,2010,G41005100040024,0.001
365,2010,G41005100075003,0.01
362,2010,G41005100075003,99.988
381,2010,G41005100075003,0.002
362,2010,G41005100075001,100
347,2010,G41005100003012,0.132
374,2010,G41005100003012,38.054
375,2010,G41005100003012,31.356
407,2010,G41005100003012,6.707
431,2010,G41005100003012,23.75
438,2010,G41005100003012,0
375,2010,G41005100003011,54.793
407,2010,G41005100003011,45.199
438,2010,G41005100003011,0.008
374,2010,G41005100003021,0.011
407,2010,G41005100003021,0.052
431,2010,G41005100003021,99.937
282,2010,G41005100080022,99.982
289,2010,G41005100080022,0
344,2010,G41005100080022,0.017
407,2010,G41005100004014,100
147,2010,G41005100004013,0.039
407,2010,G41005100004013,99.961
147,2010,G41005100088001,100
348,2010,G41005100007013,0.564
436,2010,G41005100007013,99.436
348,2010,G41005100007023,100
95,2010,G41005100077001,74.177
298,2010,G41005100077001,25.823
156,2010,G41005100079002,0.003
298,2010,G41005100079002,99.821
367,2010,G41005100079002,0.176
246,2010,G41005100099073,6.568
253,2010,G41005100099073,6.156
299,2010,G41005100099073,50.633
56,2010,G41005100099073,0.087
71,2010,G41005100099073,27.121
416,2010,G41005100099073,6.254
422,2010,G41005100099073,2.96
43,2010,G41005100099073,0.222
324,2010,G41005100057002,100
372,2010,G41005100082011,0.003
329,2010,G41005100082011,0.023
344,2010,G41005100082011,94.997
314,2010,G41005100082011,4.977
372,2010,G41005100082021,13.259
329,2010,G41005100082021,47.409
344,2010,G41005100082021,39.332
322,2010,G41005100005025,0.381
348,2010,G41005100005025,99.619
322,2010,G41005100005024,99.989
348,2010,G41005100005024,0.011
380,2010,G41005100084002,0.004
437,2010,G41005100084002,99.996
68,2010,G41005100006014,99.869
348,2010,G41005100006014,0.131
68,2010,G41005100006024,99.967
322,2010,G41005100006024,0.033
281,2010,G41005100028023,100
351,2010,G41005100008014,100
438,2010,G41005100008014,0
351,2010,G41005100008012,32.364
325,2010,G41005100008012,0.1
348,2010,G41005100008012,0.368
436,2010,G41005100008012,67.168
173,2010,G41005100029024,67.315
281,2010,G41005100029024,32.234
331,2010,G41005100029024,0.451
173,2010,G41005100029023,56.64
317,2010,G41005100029023,24.419
331,2010,G41005100029023,18.941
344,2010,G41005100093011,0.004
323,2010,G41005100093011,0
36,2010,G41005100093011,90.283
101,2010,G41005100093011,0.001
418,2010,G41005100093011,7.774
323,2010,G41005100093013,91.632
342,2010,G41005100093013,0.5
101,2010,G41005100093013,7.869
328,2010,G41005100013021,0.105
351,2010,G41005100013021,99.895
328,2010,G41005100014003,0.043
351,2010,G41005100014003,99.657
325,2010,G41005100014003,0.3
365,2010,G41005100031002,99.982
381,2010,G41005100031002,0.004
383,2010,G41005100031002,0.014
280,2010,G41005100031004,0.014
383,2010,G41005100031004,99.986
101,2010,G41005100096031,0.008
77,2010,G41005100096031,99.992
296,2010,G41005100096031,0
101,2010,G41005100101004,0.081
75,2010,G41005100101004,0.007
99,2010,G41005100101004,99.912
325,2010,G41005100016011,0.004
314,2010,G41005100016011,99.996
325,2010,G41005100016013,33.836
314,2010,G41005100016013,65.952
436,2010,G41005100016013,0.212
368,2010,G41005100034023,0.005
384,2010,G41005100034023,99.995
365,2010,G41005100036022,100
365,2010,G41005100036032,99.863
362,2010,G41005100036032,0.137
320,2010,G41005100017015,9.119
325,2010,G41005100017015,31.797
314,2010,G41005100017015,59.084
325,2010,G41005100017013,0.001
314,2010,G41005100017013,99.999
269,2010,G41005100038023,0.017
363,2010,G41005100038023,99.983
283,2010,G41005100043001,0.068
274,2010,G41005100043001,27.382
273,2010,G41005100043001,0.321
271,2010,G41005100043001,0.333
353,2010,G41005100043001,15.433
40,2010,G41005100043001,0.659
357,2010,G41005100043001,47.3
358,2010,G41005100043001,0.161
364,2010,G41005100043001,0.133
371,2010,G41005100043001,0.067
428,2010,G41005100043001,8.144
315,2010,G41005100018022,0
328,2010,G41005100018022,30.742
320,2010,G41005100018022,0.002
325,2010,G41005100018022,69.256
273,2010,G41005100039014,0.012
272,2010,G41005100039014,69.76
269,2010,G41005100039014,30.221
363,2010,G41005100039014,0.006
229,2010,G41005100070003,0.2
428,2010,G41005100070003,98.797
442,2010,G41005100070003,0
280,2010,G41005100025012,0
370,2010,G41005100025012,0
318,2010,G41005100025012,0.526
383,2010,G41005100025012,99.474
278,2010,G41005100025024,99.981
312,2010,G41005100025024,0.019
40,2010,G41005100072011,0.353
411,2010,G41005100072011,66.926
68,2010,G41005100089021,99.718
137,2010,G41005100089021,0.063
49,2010,G41005100089021,0.219
281,2010,G41005100028011,99.989
362,2010,G41005100028011,0.011
281,2010,G41005100028021,100
40,2010,G41005100041021,100
342,2010,G41005100097024,100
105,2010,G41005100067012,0.016
63,2010,G41005100067012,99.804
20,2010,G41005100067012,0.175
346,2010,G41005100067012,0.005
324,2010,G41005100051002,0.055
345,2010,G41005100051002,62.3
319,2010,G41005100051002,3.072
291,2010,G41005100051002,34.573
324,2010,G41005100106001,99.992
345,2010,G41005100106001,0
291,2010,G41005100106001,0.008
344,2010,G41005100092023,69.59
342,2010,G41005100092023,30.328
437,2010,G41005100092023,0.082
282,2010,G41005100094002,0.115
289,2010,G41005100094002,99.825
344,2010,G41005100094002,0.06
350,2010,G41005100009013,45.235
351,2010,G41005100009013,54.52
438,2010,G41005100009013,0.245
77,2010,G41005100096053,0.538
418,2010,G41005100096053,99.462
274,2010,G41005109800001,0.611
273,2010,G41005109800001,1.815
358,2010,G41005109800001,0.327
363,2010,G41005109800001,0.014
364,2010,G41005109800001,97.233
175,2010,G41000500208002,61.25
186,2010,G41000500208002,0.007
172,2010,G41000500208002,0.019
158,2010,G41000500208002,20.976
185,2010,G41000500208002,17.743
191,2010,G41000500208002,0.004
186,2010,G41000500209002,99.681
172,2010,G41000500209002,0.188
190,2010,G41000500209002,0.016
52,2010,G41000500209002,0.115
186,2010,G41000500210003,0.011
355,2010,G41000500210003,0.001
52,2010,G41000500210003,99.988
84,2010,G41006700333014,100
24,2010,G41006700316161,100
69,2010,G41006700311002,41.024
35,2010,G41006700311002,58.976
366,2010,G41006700308051,97.494
258,2010,G41006700308051,2.478
321,2010,G41006700308051,0.028
197,2010,G41000500203032,0.016
417,2010,G41000500203032,0.068
64,2010,G41000500203032,0
12,2010,G41000500203032,99.915
381,2010,G41005100030004,99.927
383,2010,G41005100030004,0.073
362,2010,G41005100030003,0.072
381,2010,G41005100030003,99.928
350,2010,G41005100012013,0.353
352,2010,G41005100012013,99.647
350,2010,G41005100012023,100
60,2010,G41005100033011,50.695
59,2010,G41005100033011,34.738
382,2010,G41005100033011,14.568
351,2010,G41005100014005,100
351,2010,G41005100014004,99.406
325,2010,G41005100014004,0.594
364,2010,G41005100035021,45.758
368,2010,G41005100035021,6.828
384,2010,G41005100035021,47.414
275,2010,G41005100036013,0.031
276,2010,G41005100036013,99.969
56,2010,G41005100104093,3.345
38,2010,G41005100104093,10.469
71,2010,G41005100104093,85.978
43,2010,G41005100104093,0.017
111,2010,G41005100104093,0.19
344,2010,G41005100016022,0.974
437,2010,G41005100016022,0.04
314,2010,G41005100016022,98.986
315,2010,G41005100018021,0.001
328,2010,G41005100018021,0
320,2010,G41005100018021,20.187
325,2010,G41005100018021,79.813
313,2010,G41000500207003,100
84,2010,G41006700333013,100
83,2010,G41006700331021,0.504
84,2010,G41006700331021,57.883
85,2010,G41006700331021,41.613
3,2010,G41006700305021,13.093
132,2010,G41006700305021,0.001
65,2010,G41006700305021,86.872
366,2010,G41006700305021,0.033
39,2010,G41006700315131,0.124
229,2010,G41006700315131,99.876
114,2010,G41006700325011,0.008
83,2010,G41006700325011,0
31,2010,G41006700325011,0.138
412,2010,G41006700325011,99.855
275,2010,G41005100037012,100
275,2010,G41005100037023,47.955
368,2010,G41005100037023,52.045
367,2010,G41005100095022,100
298,2010,G41005100095023,4.847
367,2010,G41005100095023,95.153
197,2010,G41005100064022,64.447
254,2010,G41005100064022,12.291
286,2010,G41005100064022,0
161,2010,G41005100064022,0.408
408,2010,G41005100064022,0.012
195,2010,G41005100064022,0.005
217,2010,G41005100064022,5.081
228,2010,G41005100064022,11.981
12,2010,G41005100064022,5.776
319,2010,G41005100020001,99.839
312,2010,G41005100020001,0.081
315,2010,G41005100020001,0.08
319,2010,G41005100020005,100
363,2010,G41005100039022,57.602
364,2010,G41005100039022,42.398
272,2010,G41005100040011,98.654
269,2010,G41005100040011,0.165
40,2010,G41005100040011,1.181
319,2010,G41005100024022,1.118
311,2010,G41005100024022,5.901
34,2010,G41005100024022,18.579
278,2010,G41005100024022,0.005
312,2010,G41005100024022,74.398
311,2010,G41005100024023,50.168
34,2010,G41005100024023,12.947
278,2010,G41005100024023,36.871
312,2010,G41005100024023,0.015
274,2010,G41005100040021,3.278
273,2010,G41005100040021,96.708
272,2010,G41005100040021,0.006
364,2010,G41005100040021,0.008
370,2010,G41005100026002,0.006
297,2010,G41005100026002,10.37
318,2010,G41005100026002,62.302
381,2010,G41005100026002,8.202
383,2010,G41005100026002,19.12
264,2010,G41005100046011,0.012
263,2010,G41005100046011,0.037
268,2010,G41005100046011,79.837
316,2010,G41005100046011,20.09
358,2010,G41005100046011,0.023
428,2010,G41005100046011,0
430,2010,G41005100046011,0.001
77,2010,G41005100102002,49.688
296,2010,G41005100102002,36.933
294,2010,G41005100102002,13.356
418,2010,G41005100102002,0.022
37,2010,G41000500218021,100
285,2010,G41000500206002,28.079
377,2010,G41000500206002,0.018
58,2010,G41000500206002,30.949
135,2010,G41000500206002,0.042
287,2010,G41000500206002,40.912
412,2010,G41006700324102,100
412,2010,G41006700324044,100
31,2010,G41006700328001,0.008
250,2010,G41006700328001,39.986
81,2010,G41006700328001,0.045
412,2010,G41006700328001,0.046
442,2010,G41006700328001,59.915
44,2010,G41006700320031,0.01
256,2010,G41006700320031,0.178
258,2010,G41006700320031,8.44
321,2010,G41006700320031,91.372
116,2010,G41000500236002,12.823
112,2010,G41000500236002,34.236
115,2010,G41000500236002,46.162
78,2010,G41000500236002,6.779
316,2010,G41005100047002,4.858
358,2010,G41005100047002,95.142
101,2010,G41005100096061,99.986
418,2010,G41005100096061,0.014
358,2010,G41005100048002,99.959
430,2010,G41005100048002,0.041
148,2010,G41000500229061,2.665
145,2010,G41000500229061,97.335
149,2010,G41000500229061,0
128,2010,G41000500238004,18.045
148,2010,G41000500238004,81.8
105,2010,G41006700304023,10.777
3,2010,G41006700304023,2.785
132,2010,G41006700304023,2.933
117,2010,G41006700304023,4.939
65,2010,G41006700304023,0.076
63,2010,G41006700304023,4.823
20,2010,G41006700304023,73.666
139,2010,G41000500202004,0.096
96,2010,G41000500202004,7.795
9,2010,G41000500202004,0.277
178,2010,G41000500202004,0.03
187,2010,G41000500202004,25.165
167,2010,G41000500202004,24.269
155,2010,G41000500202004,0.039
157,2010,G41000500202004,1.865
66,2010,G41000500202004,6.615
176,2010,G41000500202004,0.001
25,2010,G41000500203043,0.007
15,2010,G41000500203043,0.055
26,2010,G41000500203043,7.958
14,2010,G41000500203043,91.491
73,2010,G41000500203043,0.4
12,2010,G41000500203043,0.09
107,2010,G41006700319111,0.001
76,2010,G41006700319111,0.002
366,2010,G41006700319111,0.027
97,2010,G41006700319111,99.97
46,2010,G41006700316105,23.621
24,2010,G41006700316105,76.289
229,2010,G41006700316105,0.09
69,2010,G41006700315081,0.508
39,2010,G41006700315081,99.485
354,2010,G41006700315081,0.007
104,2010,G41006700318121,99.037
97,2010,G41006700318121,0.963
377,2010,G41000500205011,0.063
262,2010,G41000500205011,99.934
313,2010,G41000500205011,0.003
62,2010,G41000500204032,0.092
134,2010,G41000500204032,38.758
262,2010,G41000500204032,61.151
114,2010,G41006700325021,0
412,2010,G41006700325021,100
229,2010,G41006700327003,0.047
442,2010,G41006700327003,99.864
112,2010,G41000500242003,99.407
412,2010,G41006700326063,100
46,2010,G41006700315062,3.55
39,2010,G41006700315062,16.875
229,2010,G41006700315062,79.574
366,2010,G41006700320013,82.045
321,2010,G41006700320013,17.955
37,2010,G41000500205032,0.112
130,2010,G41000500205032,0.119
136,2010,G41000500205032,1.685
139,2010,G41000500205032,31.562
22,2010,G41000500205032,28.424
183,2010,G41000500205032,38.019
9,2010,G41000500205032,0.01
178,2010,G41000500205032,0.02
167,2010,G41000500205032,0.049
145,2010,G41000500229041,100
51,2010,G41006700324071,0.919
412,2010,G41006700324071,99.081
366,2010,G41006700308053,98.772
258,2010,G41006700308053,1.228
128,2010,G41000500241003,44.049
123,2010,G41000500241003,1.632
116,2010,G41000500241003,38.786
112,2010,G41000500241003,12.708
78,2010,G41000500235001,3.553
140,2010,G41000500235001,96.426
86,2010,G41000500235001,0.014
43,2010,G41000500235001,0.002
111,2010,G41000500235001,0.006
340,2010,G41000500215001,0.334
186,2010,G41000500215001,0
355,2010,G41000500215001,0.462
37,2010,G41000500215001,21.503
158,2010,G41000500215001,39.036
185,2010,G41000500215001,38.665
137,2010,G41000500222081,3.834
301,2010,G41000500222081,96.166
366,2010,G41006700307002,93.027
97,2010,G41006700307002,6.973
366,2010,G41000500204012,0
70,2010,G41000500204012,46.47
96,2010,G41000500204012,35.198
155,2010,G41000500204012,18.187
15,2010,G41000500204012,0.144
305,2010,G41000500204012,0
366,2010,G41000500204013,0.172
70,2010,G41000500204013,0.865
96,2010,G41000500204013,0.028
305,2010,G41000500204013,98.925
334,2010,G41000500204013,0.01
76,2010,G41006700305013,0.002
65,2010,G41006700305013,36.505
20,2010,G41006700305013,62.848
366,2010,G41006700305013,0.645
69,2010,G41006700313001,99.848
20,2010,G41006700313001,0.152
51,2010,G41006700324064,0.044
412,2010,G41006700324064,99.956
340,2010,G41000500211004,85.364
355,2010,G41000500211004,14.632
0,2010,G41000500211004,0.004
256,2010,G41006700321031,99.926
321,2010,G41006700321031,0.074
21,2010,G41006700321083,99.315
19,2010,G41006700321083,0.685
197,2010,G41000500201001,0.226
254,2010,G41000500201001,0.016
230,2010,G41000500201001,0.16
417,2010,G41000500201001,59.801
37,2010,G41000500201001,1.091
136,2010,G41000500201001,0.007
66,2010,G41000500201001,0
176,2010,G41000500201001,0.048
154,2010,G41000500201001,0.029
195,2010,G41000500201001,11.214
217,2010,G41000500201001,0.06
228,2010,G41000500201001,0.249
12,2010,G41000500201001,0.075
247,2010,G41000500201001,0.01
255,2010,G41000500201001,26.999
21,2010,G41006700321092,0.134
0,2010,G41006700321092,78.619
321,2010,G41006700321092,21.247
114,2010,G41006700330003,99.804
83,2010,G41006700330003,0.023
412,2010,G41006700330003,0.167
412,2010,G41006700324045,100
78,2010,G41000500223021,0.008
92,2010,G41000500223021,90.746
91,2010,G41000500223021,9.247
120,2010,G41000500230011,12.858
92,2010,G41000500230011,0.186
219,2010,G41000500230011,79.836
226,2010,G41000500230011,7.091
81,2010,G41006700334002,87.231
442,2010,G41006700334002,12.758
250,2010,G41006700335002,7.831
81,2010,G41006700335002,92.166
442,2010,G41006700335002,0.003
340,2010,G41000500210002,0.001
186,2010,G41000500210002,0
27,2010,G41000500210002,0.006
79,2010,G41000500210002,0.07
94,2010,G41000500210002,2.234
52,2010,G41000500210002,92.561
147,2010,G41000500210002,0.008
0,2010,G41000500210002,5.12
149,2010,G41000500227101,0.703
113,2010,G41000500227101,74.389
339,2010,G41000500227101,24.908
223,2010,G41006700318054,98.42
32,2010,G41006700318054,1.58
147,2010,G41000500216011,0.072
0,2010,G41000500216011,99.928
93,2010,G41000500218012,10.176
61,2010,G41000500218012,0
37,2010,G41000500218012,89.824
104,2010,G41006700319103,0.079
97,2010,G41006700319103,99.921
24,2010,G41006700316094,88.338
412,2010,G41006700316094,11.662
97,2010,G41006700319102,100
285,2010,G41000500223012,0.004
92,2010,G41000500223012,68.494
74,2010,G41000500223012,0
109,2010,G41000500223012,17.489
57,2010,G41000500223012,6.531
91,2010,G41000500223012,4.776
93,2010,G41000500223012,0.849
43,2010,G41000500223012,0.057
16,2010,G41000500223012,1.366
301,2010,G41000500223012,0.434
412,2010,G41006700326101,100
123,2010,G41000500239021,98.258
89,2010,G41000500239021,1.742
17,2010,G41006700316113,26.133
46,2010,G41006700316113,73.867
83,2010,G41006700329023,0.558
31,2010,G41006700329023,99.337
412,2010,G41006700329023,0.105
21,2010,G41006700321081,0.006
19,2010,G41006700321081,99.994
256,2010,G41006700320011,56.493
258,2010,G41006700320011,21.379
259,2010,G41006700320011,22.096
304,2010,G41006700320011,0
321,2010,G41006700320011,0.031
24,2010,G41006700316171,100
417,2010,G41000500201002,7.127
157,2010,G41000500201002,0
66,2010,G41000500201002,0.019
195,2010,G41000500201002,92.851
255,2010,G41000500201002,0.002
51,2010,G41006700316133,100
412,2010,G41006700326102,100
139,2010,G41000500204041,0.003
138,2010,G41000500204041,1.026
134,2010,G41000500204041,38.336
9,2010,G41000500204041,27.117
167,2010,G41000500204041,0.117
37,2010,G41000500213001,100
229,2010,G41006700315122,100
46,2010,G41006700316112,100
87,2010,G41000500225002,0.054
165,2010,G41000500225002,0
144,2010,G41000500225002,62.388
413,2010,G41000500225002,37.559
285,2010,G41000500206001,98.51
109,2010,G41000500206001,1.37
93,2010,G41000500206001,0.119
69,2010,G41006700313003,40.026
227,2010,G41006700313003,59.974
110,2010,G41000500207001,1.899
313,2010,G41000500207001,92.693
339,2010,G41000500207001,0.899
105,2010,G41006700303004,45.47
18,2010,G41006700303004,16.32
20,2010,G41006700303004,0.353
303,2010,G41006700303004,37.857
105,2010,G41006700303001,96.187
18,2010,G41006700303001,3.752
349,2010,G41006700303001,0.061
142,2010,G41000500234041,47.872
111,2010,G41000500234041,52.114
146,2010,G41000500234041,0.014
142,2010,G41000500234042,100
113,2010,G41000500227071,19.678
121,2010,G41000500227071,80.143
259,2010,G41000500227071,0.111
321,2010,G41000500227071,0.068
88,2010,G41000500226031,12.712
87,2010,G41000500226031,2.036
219,2010,G41000500226031,18.161
226,2010,G41000500226031,67.032
46,2010,G41006700316104,98.625
24,2010,G41006700316104,1.375
92,2010,G41000500224001,30.269
74,2010,G41000500224001,60.733
109,2010,G41000500224001,8.812
91,2010,G41000500224001,0.186
114,2010,G41006700322002,84.857
259,2010,G41006700322002,15.143
412,2010,G41006700324062,100
302,2010,G41006700314031,79.502
69,2010,G41006700314031,1.267
46,2010,G41006700314031,19.23
145,2010,G41000500227023,0.006
110,2010,G41000500227023,0.694
149,2010,G41000500227023,0.002
262,2010,G41000500227023,0.049
313,2010,G41000500227023,0.039
339,2010,G41000500227023,99.21
137,2010,G41000500232012,0.018
299,2010,G41000500232012,0.002
43,2010,G41000500232012,92.061
301,2010,G41000500232012,7.92
71,2010,G41000500243041,0
143,2010,G41000500243041,0.003
23,2010,G41000500243041,0.003
54,2010,G41000500243041,10.832
151,2010,G41000500243041,11.567
124,2010,G41000500243041,0.089
141,2010,G41000500243041,0.168
142,2010,G41000500243041,0.015
127,2010,G41000500243041,10.603
412,2010,G41006700324041,100
104,2010,G41006700318152,0.18
107,2010,G41006700318152,0.041
245,2010,G41006700318152,99.779
51,2010,G41006700317053,99.498
223,2010,G41006700317053,0.502
121,2010,G41006700321043,0.796
321,2010,G41006700321043,99.204
109,2010,G41000500223013,0.007
91,2010,G41000500223013,99.993
69,2010,G41006700318071,0.001
32,2010,G41006700318071,99.999
412,2010,G41006700326033,100
299,2010,G41000500233001,0.001
71,2010,G41000500233001,0.001
43,2010,G41000500233001,44.134
111,2010,G41000500233001,55.864
140,2010,G41000500234013,23.132
142,2010,G41000500234013,56.011
111,2010,G41000500234013,20.857
124,2010,G41000500234031,26.779
142,2010,G41000500234031,73.221
51,2010,G41006700316063,99.842
24,2010,G41006700316063,0.158
69,2010,G41006700310031,0.013
67,2010,G41006700310031,99.987
149,2010,G41004700102011,0.069
126,2010,G41004700102011,0.009
148,2010,G41004700102022,0.48
148,2010,G41004700103052,0.165
442,2010,G41000909710003,0.301
85,2010,G41007100304001,0.239
114,2010,G41007100301012,0.022
126,2010,G41007100301012,0.055
121,2010,G41007100301012,0.002
259,2010,G41007100301012,0.071
349,2010,G41005100058004,75.459
435,2010,G41005100058004,0.012
332,2010,G41005100058004,0.001
194,2010,G41005100058004,8.916
379,2010,G41005100058004,15.612
349,2010,G41005100058002,41.076
324,2010,G41005100058002,0.293
434,2010,G41005100058002,3.336
435,2010,G41005100058002,55.295
349,2010,G41005100061001,8.749
194,2010,G41005100061001,91.247
379,2010,G41005100061001,0.003
161,2010,G41005100062002,0.018
343,2010,G41005100062002,0
194,2010,G41005100062002,3.399
391,2010,G41005100062002,96.419
392,2010,G41005100062002,0.11
408,2010,G41005100062002,0.054
267,2010,G41005100065022,0.246
266,2010,G41005100065022,1.418
3,2010,G41005100065022,14.436
343,2010,G41005100065022,82.208
132,2010,G41005100065022,0
409,2010,G41005100065022,1.692
343,2010,G41005100066011,0.029
132,2010,G41005100066011,99.965
63,2010,G41005100066011,0.005
20,2010,G41005100066011,0.001
411,2010,G41005100072012,53.04
248,2010,G41005100072012,0.028
95,2010,G41005100073001,3.084
252,2010,G41005100073001,44.516
298,2010,G41005100073001,8.53
367,2010,G41005100073001,9.16
36,2010,G41005100073001,0.008
246,2010,G41005100073001,12.863
198,2010,G41005100073001,0.034
390,2010,G41005100073001,0.115
365,2010,G41005100073001,0.004
295,2010,G41005100073001,10.208
362,2010,G41005100073001,8.425
434,2010,G41005100059002,99.941
244,2010,G41005100059002,0.059
99,2010,G41005100101003,100
341,2010,G41005100091024,0.013
342,2010,G41005100091024,0.278
137,2010,G41005100091024,68.169
378,2010,G41005100091024,14.727
437,2010,G41005100091024,16.813
72,2010,G41005100100021,0.001
30,2010,G41005100100021,0.174
75,2010,G41005100100021,99.825
161,2010,G41005100063003,55.39
244,2010,G41005100063003,0
391,2010,G41005100063003,0.036
392,2010,G41005100063003,0.026
408,2010,G41005100063003,44.547
253,2010,G41005100099071,99.942
47,2010,G41005100099071,0.058
99,2010,G41005100104053,98.942
251,2010,G41005100104053,1.058
251,2010,G41005100104102,99.986
53,2010,G41005100104102,0.014
343,2010,G41005100066022,70.293
63,2010,G41005100066022,0
194,2010,G41005100066022,29.707
343,2010,G41005100067021,0.037
63,2010,G41005100067021,55.392
194,2010,G41005100067021,44.57
346,2010,G41005100067021,0.001
181,2010,G41005100001003,100
350,2010,G41005100010003,99.131
347,2010,G41005100010003,0.869
173,2010,G41005100080011,5.422
282,2010,G41005100080011,84.288
298,2010,G41005100080011,3.916
344,2010,G41005100080011,0
310,2010,G41005100080011,6.374
364,2010,G41005100035013,100
344,2010,G41005100082013,96.759
437,2010,G41005100082013,0.101
314,2010,G41005100082013,3.139
329,2010,G41005100082012,0.117
344,2010,G41005100082012,99.61
437,2010,G41005100082012,0.273
68,2010,G41005100005021,0
322,2010,G41005100005021,0.343
348,2010,G41005100005021,99.657
68,2010,G41005100083022,16.295
380,2010,G41005100083022,83.633
437,2010,G41005100083022,0.073
329,2010,G41005100084001,0
380,2010,G41005100084001,0
437,2010,G41005100084001,100
68,2010,G41005100006011,99.98
380,2010,G41005100006011,0.02
68,2010,G41005100006013,100
68,2010,G41005100006023,99.964
147,2010,G41005100006023,0
322,2010,G41005100006023,0.036
331,2010,G41005100029014,67.895
362,2010,G41005100029014,32.105
351,2010,G41005100008013,99.997
348,2010,G41005100008013,0.003
325,2010,G41005100008011,0.328
348,2010,G41005100008011,0.553
436,2010,G41005100008011,99.119
281,2010,G41005100029025,29.497
331,2010,G41005100029025,70.503
173,2010,G41005100029022,0.085
317,2010,G41005100029022,0.001
331,2010,G41005100029022,99.914
353,2010,G41005100071002,0.041
40,2010,G41005100071002,0.066
344,2010,G41005100093012,0.029
323,2010,G41005100093012,91.022
36,2010,G41005100093012,0.071
101,2010,G41005100093012,8.08
418,2010,G41005100093012,0.001
328,2010,G41005100013012,100
351,2010,G41005100013012,0
351,2010,G41005100013022,100
365,2010,G41005100031003,0.008
381,2010,G41005100031003,0
383,2010,G41005100031003,99.992
382,2010,G41005100032003,86.282
383,2010,G41005100032003,13.718
344,2010,G41005100093021,99.968
323,2010,G41005100093021,0.003
36,2010,G41005100093021,0.029
77,2010,G41005100096041,99.998
418,2010,G41005100096041,0.002
253,2010,G41005100100011,0.047
47,2010,G41005100100011,99.124
99,2010,G41005100100011,0.493
56,2010,G41005100100011,0.331
53,2010,G41005100100011,0.005
325,2010,G41005100016016,100
325,2010,G41005100016012,38.671
314,2010,G41005100016012,61.329
365,2010,G41005100036031,89.654
295,2010,G41005100036031,0.01
362,2010,G41005100036031,10.337
342,2010,G41005100091011,99.929
378,2010,G41005100091011,0.071
325,2010,G41005100017014,26.728
314,2010,G41005100017014,73.272
314,2010,G41005100017012,100
269,2010,G41005100038012,99.94
363,2010,G41005100038012,0.06
269,2010,G41005100038022,0.001
363,2010,G41005100038022,99.999
71,2010,G41005100105004,0.359
143,2010,G41005100105004,98.051
199,2010,G41005100105004,1.586
23,2010,G41005100105004,0
127,2010,G41005100105004,0.004
434,2010,G41005100063001,0.051
175,2010,G41005100063001,0.474
230,2010,G41005100063001,34.928
184,2010,G41005100063001,0.632
161,2010,G41005100063001,23.443
244,2010,G41005100063001,39.902
181,2010,G41005100063001,0.025
391,2010,G41005100063001,0.002
37,2010,G41005100063001,0.007
191,2010,G41005100063001,0.382
247,2010,G41005100063001,0.154
272,2010,G41005100039015,73.474
269,2010,G41005100039015,26.526
269,2010,G41005100039011,100
42,2010,G41005100069001,25.393
349,2010,G41005100069001,18.771
264,2010,G41005100069001,1.81
268,2010,G41005100069001,0.005
39,2010,G41005100069001,0.001
428,2010,G41005100069001,0.022
429,2010,G41005100069001,53.998
383,2010,G41005100025011,100
278,2010,G41005100025013,0.088
280,2010,G41005100025013,0
318,2010,G41005100025013,99.912
383,2010,G41005100025013,0
264,2010,G41005100070001,0.004
268,2010,G41005100070001,13.964
39,2010,G41005100070001,0.007
354,2010,G41005100070001,0.006
428,2010,G41005100070001,85.988
429,2010,G41005100070001,0.031
68,2010,G41005100086002,0.094
147,2010,G41005100086002,99.905
0,2010,G41005100086002,0.001
293,2010,G41005100027021,45.086
292,2010,G41005100027021,21.329
318,2010,G41005100027021,0.004
281,2010,G41005100027021,33.581
281,2010,G41005100028012,100
36,2010,G41005100102001,2.755
77,2010,G41005100102001,5.103
296,2010,G41005100102001,12.392
294,2010,G41005100102001,3.466
220,2010,G41005100102001,9.151
170,2010,G41005100102001,56.093
199,2010,G41005100102001,2.715
418,2010,G41005100102001,8.094
324,2010,G41005100106002,100
324,2010,G41005100052002,24.854
430,2010,G41005100052002,75.146
350,2010,G41005100106003,0.001
324,2010,G41005100106003,66.875
352,2010,G41005100106003,8.289
345,2010,G41005100106003,24.834
319,2010,G41005100106003,0
101,2010,G41005100096052,0.028
418,2010,G41005100096052,99.972
345,2010,G41005100051001,0.169
311,2010,G41005100051001,0
291,2010,G41005100051001,98.234
277,2010,G41005100051001,1.146
358,2010,G41005100051001,0.451
175,2010,G41000500208003,22.933
37,2010,G41000500208003,0.058
158,2010,G41000500208003,75.077
191,2010,G41000500208003,1.932
412,2010,G41006700326091,97.555
442,2010,G41006700326091,2.445
24,2010,G41006700316162,100
245,2010,G41006700318063,0.147
223,2010,G41006700318063,12.345
32,2010,G41006700318063,87.508
366,2010,G41006700320012,0.001
256,2010,G41006700320012,17.948
258,2010,G41006700320012,81.69
321,2010,G41006700320012,0.361
8,2010,G41000500204031,17.888
62,2010,G41000500204031,22.974
138,2010,G41000500204031,41.97
96,2010,G41000500204031,0.003
134,2010,G41000500204031,13.558
262,2010,G41000500204031,3.067
262,2010,G41000500207002,4.868
313,2010,G41000500207002,95.132
121,2010,G41006700321042,0.504
256,2010,G41006700321042,0.257
321,2010,G41006700321042,99.239
69,2010,G41006700315073,0.52
46,2010,G41006700315073,7.102
39,2010,G41006700315073,92.378
65,2010,G41006700305022,24.648
20,2010,G41006700305022,0.659
366,2010,G41006700305022,74.693
104,2010,G41006700318151,0.088
245,2010,G41006700318151,99.912
84,2010,G41006700333021,43.717
85,2010,G41006700333021,33.215
250,2010,G41006700333021,23.068
412,2010,G41006700324101,100
412,2010,G41006700324042,100
84,2010,G41006700333022,5.554
250,2010,G41006700333022,93.743
81,2010,G41006700333022,0.703
24,2010,G41006700316092,100
112,2010,G41000500242001,99.953
140,2010,G41000500242001,0.047
105,2010,G41006700303002,97.908
349,2010,G41006700303002,0.002
63,2010,G41006700303002,0.001
346,2010,G41006700303002,2.09
21,2010,G41006700321102,20.696
0,2010,G41006700321102,8.291
321,2010,G41006700321102,71.013
366,2010,G41006700320052,4.856
288,2010,G41006700320052,31.192
290,2010,G41006700320052,14.032
305,2010,G41006700320052,0.367
321,2010,G41006700320052,49.52
334,2010,G41006700320052,0.032
112,2010,G41000500243023,9.236
151,2010,G41000500243023,11.392
124,2010,G41000500243023,23.956
300,2010,G41000500222071,21.815
301,2010,G41000500222071,78.185
3,2010,G41006700307001,0
366,2010,G41006700307001,96.012
97,2010,G41006700307001,3.987
350,2010,G41005100001001,0.003
434,2010,G41005100001001,2.324
181,2010,G41005100001001,40.683
347,2010,G41005100001001,56.99
434,2010,G41005100001007,1.626
244,2010,G41005100001007,0.027
181,2010,G41005100001007,98.346
95,2010,G41005100076001,1.526
331,2010,G41005100076001,0.001
362,2010,G41005100076001,98.474
173,2010,G41005100077002,0.085
95,2010,G41005100077002,99.839
331,2010,G41005100077002,0.002
362,2010,G41005100077002,0.075
324,2010,G41005100055002,17.995
430,2010,G41005100055002,82.005
173,2010,G41005100081003,0.793
344,2010,G41005100081003,75.396
314,2010,G41005100081003,23.105
310,2010,G41005100081003,0.707
282,2010,G41005100081004,0.103
344,2010,G41005100081004,99.897
147,2010,G41005100005023,0.004
322,2010,G41005100005023,99.996
68,2010,G41005100006021,100
437,2010,G41005100007011,0.02
325,2010,G41005100007011,0.161
314,2010,G41005100007011,0.035
436,2010,G41005100007011,99.784
348,2010,G41005100007022,100
407,2010,G41005100008023,0.001
438,2010,G41005100008023,99.999
322,2010,G41005100008022,4.725
348,2010,G41005100008022,0.154
407,2010,G41005100008022,0.003
438,2010,G41005100008022,95.118
351,2010,G41005100009021,0.011
375,2010,G41005100009021,0.073
407,2010,G41005100009021,0
438,2010,G41005100009021,99.916
173,2010,G41005100029021,0.22
331,2010,G41005100029021,99.78
366,2010,G41000500203021,1.305
155,2010,G41000500203021,0.011
25,2010,G41000500203021,39.048
15,2010,G41000500203021,59.548
14,2010,G41000500203021,0.088
8,2010,G41000500204014,9.149
138,2010,G41000500204014,1.746
96,2010,G41000500204014,38.018
262,2010,G41000500204014,0.069
288,2010,G41000500204014,0.001
305,2010,G41000500204014,27.447
334,2010,G41000500204014,23.57
366,2010,G41006700308033,100
412,2010,G41006700326032,99.822
442,2010,G41006700326032,0.178
54,2010,G41000500243042,33.333
151,2010,G41000500243042,6.11
141,2010,G41000500243042,0.911
151,2010,G41000500243031,100
39,2010,G41006700301012,99.78
428,2010,G41006700301012,0.22
84,2010,G41006700332002,32.801
250,2010,G41006700332002,67.199
340,2010,G41000500216021,7.36
55,2010,G41000500216021,0.169
0,2010,G41000500216021,92.471
285,2010,G41000500217003,1.636
109,2010,G41000500217003,0.001
93,2010,G41000500217003,57.456
61,2010,G41000500217003,40.316
131,2010,G41000500217003,0
51,2010,G41006700316103,0.109
46,2010,G41006700316103,97.476
24,2010,G41006700316103,2.415
87,2010,G41000500225001,16.047
92,2010,G41000500225001,21.961
144,2010,G41000500225001,50.27
74,2010,G41000500225001,1.579
219,2010,G41000500225001,10.143
412,2010,G41006700324043,100
412,2010,G41006700324061,100
149,2010,G41000500227024,0.163
262,2010,G41000500227024,6.076
339,2010,G41000500227024,93.721
373,2010,G41000500227024,0.041
88,2010,G41000500223023,0.003
87,2010,G41000500223023,5.525
92,2010,G41000500223023,38.408
74,2010,G41000500223023,0.285
109,2010,G41000500223023,1.442
91,2010,G41000500223023,0.045
219,2010,G41000500223023,46.205
226,2010,G41000500223023,8.087
123,2010,G41000500239011,100
114,2010,G41006700325031,0.162
412,2010,G41006700325031,99.838
412,2010,G41006700324103,100
39,2010,G41006700301011,100
51,2010,G41006700318053,0.034
223,2010,G41006700318053,99.758
32,2010,G41006700318053,0.208
121,2010,G41006700321033,0.001
256,2010,G41006700321033,5.888
259,2010,G41006700321033,87.802
321,2010,G41006700321033,6.304
104,2010,G41006700318122,98.44
97,2010,G41006700318122,1.56
51,2010,G41006700317044,99.93
223,2010,G41006700317044,0.07
256,2010,G41006700321032,65.322
259,2010,G41006700321032,34.565
321,2010,G41006700321032,0.113
140,2010,G41000500233002,23.188
43,2010,G41000500233002,13.697
111,2010,G41000500233002,63.115
323,2010,G41005100097011,0
342,2010,G41005100097011,99.803
101,2010,G41005100097011,0.197
99,2010,G41005100103032,58.831
294,2010,G41005100103032,0.085
177,2010,G41005100103032,40.895
189,2010,G41005100103032,0.084
251,2010,G41005100103032,0.105
315,2010,G41005100014001,0.06
328,2010,G41005100014001,99.94
71,2010,G41000500234011,0.066
142,2010,G41000500234011,0.274
127,2010,G41000500234011,13.891
111,2010,G41000500234011,0.02
146,2010,G41000500234011,85.749
221,2010,G41006700316134,8.064
51,2010,G41006700316134,0.197
46,2010,G41006700316134,91.673
32,2010,G41006700316134,0.066
18,2010,G41006700301013,3.73
349,2010,G41006700301013,0
69,2010,G41006700301013,30.05
39,2010,G41006700301013,66.217
429,2010,G41006700301013,0.003
69,2010,G41006700310035,0.006
67,2010,G41006700310035,99.993
35,2010,G41006700310035,0.001
107,2010,G41006700310042,99.964
245,2010,G41006700310042,0.036
365,2010,G41005100031001,100
177,2010,G41005100103051,0.013
189,2010,G41005100103051,0.037
170,2010,G41005100103051,0.884
169,2010,G41005100103051,98.935
200,2010,G41005100103051,0.054
199,2010,G41005100103051,0.078
189,2010,G41005100103053,0.001
169,2010,G41005100103053,12.298
162,2010,G41005100103053,0.547
200,2010,G41005100103053,87.154
328,2010,G41005100015003,0.096
351,2010,G41005100015003,0
325,2010,G41005100015003,99.904
325,2010,G41005100016014,100
436,2010,G41005100016014,0
342,2010,G41005100098041,100
173,2010,G41005100017017,3.773
320,2010,G41005100017017,37.458
314,2010,G41005100017017,58.769
173,2010,G41005100017011,8.195
314,2010,G41005100017011,91.805
38,2010,G41005100104092,91.086
71,2010,G41005100104092,8.914
101,2010,G41005100096042,99.875
77,2010,G41005100096042,0.125
169,2010,G41005100105001,0.24
162,2010,G41005100105001,0.002
200,2010,G41005100105001,1.54
71,2010,G41005100105001,0.011
143,2010,G41005100105001,12.534
199,2010,G41005100105001,85.624
269,2010,G41005100039012,99.929
363,2010,G41005100039012,0.071
269,2010,G41005100039023,0.043
363,2010,G41005100039023,99.957
273,2010,G41005100040013,0.094
272,2010,G41005100040013,99.906
254,2010,G41005100063002,34.46
230,2010,G41005100063002,45.625
161,2010,G41005100063002,19.076
408,2010,G41005100063002,0.347
195,2010,G41005100063002,0.045
217,2010,G41005100063002,0.447
255,2010,G41005100063002,0.001
349,2010,G41005100068021,3.353
194,2010,G41005100068021,2.903
346,2010,G41005100068021,62.972
180,2010,G41005100068021,30.771
68,2010,G41005100089022,99.915
147,2010,G41005100089022,0
0,2010,G41005100089022,0.073
49,2010,G41005100089022,0.011
329,2010,G41005100092012,22.095
344,2010,G41005100092012,77.843
437,2010,G41005100092012,0.062
297,2010,G41005100027013,0.003
292,2010,G41005100027013,0
318,2010,G41005100027013,80.487
281,2010,G41005100027013,19.51
381,2010,G41005100027013,0.001
40,2010,G41005100042001,100
283,2010,G41005100045001,15.983
274,2010,G41005100045001,0.183
358,2010,G41005100045001,82.832
428,2010,G41005100045001,1.003
71,2010,G41005100104021,99.821
143,2010,G41005100104021,0.163
146,2010,G41005100104021,0.017
369,2010,G41005100095011,0.011
367,2010,G41005100095011,0.087
36,2010,G41005100095011,99.885
418,2010,G41005100095011,0.017
358,2010,G41005100049001,100
324,2010,G41005100052001,44.585
291,2010,G41005100052001,0.022
358,2010,G41005100052001,0.004
430,2010,G41005100052001,55.389
358,2010,G41005100049003,100
69,2010,G41006700310054,0
67,2010,G41006700310054,0.244
35,2010,G41006700310054,99.756
35,2010,G41006700310053,100
366,2010,G41006700308052,96.907
258,2010,G41006700308052,3.015
304,2010,G41006700308052,0.078
366,2010,G41006700308034,99.992
304,2010,G41006700308034,0.008
76,2010,G41006700309003,16.392
35,2010,G41006700309003,0
20,2010,G41006700309003,0.536
366,2010,G41006700309003,59.305
97,2010,G41006700309003,23.767
104,2010,G41006700310041,0.561
107,2010,G41006700310041,99.439
21,2010,G41006700321082,15.064
19,2010,G41006700321082,8.496
262,2010,G41006700321082,0.1
373,2010,G41006700321082,76.341
155,2010,G41000500203033,0.012
25,2010,G41000500203033,28.583
154,2010,G41000500203033,0.045
64,2010,G41000500203033,10.503
26,2010,G41000500203033,29.633
14,2010,G41000500203033,0.033
12,2010,G41000500203033,31.189
51,2010,G41006700316142,99.9
24,2010,G41006700316142,0.1
285,2010,G41000500205052,2.349
61,2010,G41000500205052,0.463
131,2010,G41000500205052,71.036
37,2010,G41000500205052,0.01
130,2010,G41000500205052,0.024
136,2010,G41000500205052,0.243
55,2010,G41000500221011,100
3,2010,G41006700305012,0.121
65,2010,G41006700305012,93.112
20,2010,G41006700305012,6.767
61,2010,G41000500218022,56.889
37,2010,G41000500218022,43.111
37,2010,G41000500218011,100
300,2010,G41000500221072,90.486
301,2010,G41000500221072,9.514
61,2010,G41000500217002,80.628
131,2010,G41000500217002,1.273
37,2010,G41000500217002,18.099
412,2010,G41006700324092,100
145,2010,G41000500229053,99.165
149,2010,G41000500229053,0.835
140,2010,G41000500235005,99.407
142,2010,G41000500235005,0.593
112,2010,G41000500236001,0.048
115,2010,G41000500236001,86.729
78,2010,G41000500236001,13.223
107,2010,G41006700318153,0.066
245,2010,G41006700318153,99.501
67,2010,G41006700318153,0.301
32,2010,G41006700318153,0.133
366,2010,G41006700320051,99.574
70,2010,G41006700320051,0.342
15,2010,G41006700320051,0.074
305,2010,G41006700320051,0.01
19,2010,G41006700320041,60.392
44,2010,G41006700320041,39.608
366,2010,G41006700308014,0.278
97,2010,G41006700308014,99.722
366,2010,G41006700308012,100
412,2010,G41006700324072,100
417,2010,G41000500202002,0.192
187,2010,G41000500202002,1.331
155,2010,G41000500202002,16.325
157,2010,G41000500202002,0.001
25,2010,G41000500202002,0.001
66,2010,G41000500202002,32.739
154,2010,G41000500202002,49.251
64,2010,G41000500202002,0.04
195,2010,G41000500202002,0.001
12,2010,G41000500202002,0.118
366,2010,G41006700319121,99.241
97,2010,G41006700319121,0.759
114,2010,G41006700330004,81.331
83,2010,G41006700330004,0.022
85,2010,G41006700330004,18.439
85,2010,G41006700336003,99.889
85,2010,G41006700336002,35.674
250,2010,G41006700336002,64.245
55,2010,G41000500221012,100
104,2010,G41006700318131,60.224
245,2010,G41006700318131,0.281
223,2010,G41006700318131,39.473
97,2010,G41006700318131,0.022
229,2010,G41006700315111,100
46,2010,G41006700316101,100
88,2010,G41000500226052,85.042
87,2010,G41000500226052,14.954
226,2010,G41000500226052,0.004
41,2010,G41000500205013,15.995
58,2010,G41000500205013,1.187
135,2010,G41000500205013,12.233
284,2010,G41000500205013,50.975
313,2010,G41000500205013,0.106
340,2010,G41000500211003,64.818
355,2010,G41000500211003,29.031
52,2010,G41000500211003,0.117
0,2010,G41000500211003,6.034
366,2010,G41006700319101,0.214
97,2010,G41006700319101,99.786
366,2010,G41006700319122,0.034
97,2010,G41006700319122,99.966
131,2010,G41000500205051,31.103
37,2010,G41000500205051,0.465
130,2010,G41000500205051,48.028
136,2010,G41000500205051,9.668
179,2010,G41000500205051,0.12
22,2010,G41000500205051,0.925
183,2010,G41000500205051,9.692
114,2010,G41006700322001,35.036
256,2010,G41006700322001,17.635
259,2010,G41006700322001,47.329
114,2010,G41006700322003,51.298
256,2010,G41006700322003,0.002
259,2010,G41006700322003,48.68
78,2010,G41000500232022,0.058
140,2010,G41000500232022,0.018
57,2010,G41000500232022,0.961
86,2010,G41000500232022,40.26
43,2010,G41000500232022,54.882
301,2010,G41000500232022,3.822
109,2010,G41000500219002,0.001
93,2010,G41000500219002,99.999
149,2010,G41000500228002,26.805
113,2010,G41000500228002,73.195
43,2010,G41000500232011,93.897
301,2010,G41000500232011,6.103
39,2010,G41006700315082,100
428,2010,G41006700315082,0
138,2010,G41000500204011,1.717
96,2010,G41000500204011,94.827
37,2010,G41000500213002,99.473
136,2010,G41000500213002,0.527
37,2010,G41000500214001,99.967
158,2010,G41000500214001,0.033
74,2010,G41000500224005,57.29
109,2010,G41000500224005,42.71
114,2010,G41006700323001,81.706
51,2010,G41006700323001,4.055
412,2010,G41006700323001,5.352
104,2010,G41006700323001,0.014
223,2010,G41006700323001,8.873
114,2010,G41006700317046,0.024
51,2010,G41006700317046,99.976
124,2010,G41000500234043,4.501
142,2010,G41000500234043,32.215
127,2010,G41000500234043,62.336
146,2010,G41000500234043,0.518
245,2010,G41006700318052,0.252
223,2010,G41006700318052,99.748
412,2010,G41006700326041,100
257,2010,G41006700313004,0.101
18,2010,G41006700313004,0.939
69,2010,G41006700313004,36.664
20,2010,G41006700313004,0.282
118,2010,G41006700313004,0.438
28,2010,G41006700313004,36.535
227,2010,G41006700313004,25.042
349,2010,G41005100058005,74.336
194,2010,G41005100058005,25.274
379,2010,G41005100058005,0.391
72,2010,G41005100098011,36.574
101,2010,G41005100098011,57.606
75,2010,G41005100098011,5.817
99,2010,G41005100098011,0.002
267,2010,G41005100065011,0.167
266,2010,G41005100065011,0.738
3,2010,G41005100065011,54.578
343,2010,G41005100065011,12.234
132,2010,G41005100065011,0.073
409,2010,G41005100065011,32.209
72,2010,G41005100099041,0.041
30,2010,G41005100099041,99.922
75,2010,G41005100099041,0.037
294,2010,G41005100103031,9.324
177,2010,G41005100103031,19.832
189,2010,G41005100103031,0.014
170,2010,G41005100103031,15.104
169,2010,G41005100103031,55.725
56,2010,G41005100104083,99.193
53,2010,G41005100104083,0.719
38,2010,G41005100104083,0.088
286,2010,G41005100065021,0.059
343,2010,G41005100065021,99.267
194,2010,G41005100065021,0.674
391,2010,G41005100065021,0
56,2010,G41005100104111,0.005
53,2010,G41005100104111,99.977
38,2010,G41005100104111,0.018
147,2010,G41005100003022,2.693
407,2010,G41005100003022,97.263
431,2010,G41005100003022,0.044
181,2010,G41005100001005,100
181,2010,G41005100001002,100
364,2010,G41005100035022,99.569
384,2010,G41005100035022,0.431
181,2010,G41005100002001,35.831
347,2010,G41005100002001,63.564
375,2010,G41005100002001,0.603
431,2010,G41005100002001,0.002
189,2010,G41005100104072,0.775
251,2010,G41005100104072,51.034
249,2010,G41005100104072,3.722
192,2010,G41005100104072,24.988
162,2010,G41005100104072,0.001
53,2010,G41005100104072,0.024
71,2010,G41005100104072,19.456
324,2010,G41005100056001,100
282,2010,G41005100081001,0.055
289,2010,G41005100081001,0
344,2010,G41005100081001,99.945
68,2010,G41005100083021,0.015
329,2010,G41005100083021,0
344,2010,G41005100083021,0.001
380,2010,G41005100083021,0.132
437,2010,G41005100083021,99.851
314,2010,G41005100083021,0.001
147,2010,G41005100004023,0.519
322,2010,G41005100004023,28.097
407,2010,G41005100004023,71.384
147,2010,G41005100087003,99.933
407,2010,G41005100087003,0.067
437,2010,G41005100090001,100
68,2010,G41005100006022,99.993
147,2010,G41005100006022,0.007
341,2010,G41005100090002,0.103
437,2010,G41005100090002,99.897
348,2010,G41005100007021,99.987
436,2010,G41005100007021,0.013
348,2010,G41005100008021,99.669
438,2010,G41005100008021,0.331
173,2010,G41005100029033,99.896
317,2010,G41005100029033,0.104
137,2010,G41005100099032,79.25
416,2010,G41005100099032,3.97
422,2010,G41005100099032,16.492
43,2010,G41005100099032,0.289
181,2010,G41005100010004,0.001
347,2010,G41005100010004,99.999
315,2010,G41005100013011,0.211
328,2010,G41005100013011,99.789
368,2010,G41005100034014,100
192,2010,G41005100103052,0.028
162,2010,G41005100103052,70.665
200,2010,G41005100103052,24.439
71,2010,G41005100103052,4.864
143,2010,G41005100103052,0.003
351,2010,G41005100015002,0.009
325,2010,G41005100015002,99.981
436,2010,G41005100015002,0.01
344,2010,G41005100016021,0.469
314,2010,G41005100016021,99.531
364,2010,G41005100035014,3.377
368,2010,G41005100035014,96.623
276,2010,G41005100036024,60.067
365,2010,G41005100036024,39.932
295,2010,G41005100036024,0.001
342,2010,G41005100091012,50.203
437,2010,G41005100091012,49.797
320,2010,G41005100017016,0.218
314,2010,G41005100017016,99.782
314,2010,G41005100017023,100
275,2010,G41005100037014,99.981
224,2010,G41005100037014,0.019
363,2010,G41005100038033,49.707
364,2010,G41005100038033,50.293
71,2010,G41005100105002,0.244
143,2010,G41005100105002,66.429
199,2010,G41005100105002,33.327
319,2010,G41005100019003,0.02
315,2010,G41005100019003,99.98
352,2010,G41005100020003,0.01
319,2010,G41005100020003,85.604
315,2010,G41005100020003,14.386
273,2010,G41005100039024,43.432
272,2010,G41005100039024,0.003
269,2010,G41005100039024,0.07
363,2010,G41005100039024,56.405
364,2010,G41005100039024,0.09
273,2010,G41005100040012,0.039
272,2010,G41005100040012,99.961
319,2010,G41005100023032,0.543
311,2010,G41005100023032,79.034
277,2010,G41005100023032,16.1
34,2010,G41005100023032,0.068
278,2010,G41005100023032,4.255
279,2010,G41005100025015,0
278,2010,G41005100025015,37.538
280,2010,G41005100025015,62.453
383,2010,G41005100025015,0.009
289,2010,G41005100093022,0
344,2010,G41005100093022,100
297,2010,G41005100027012,8.981
318,2010,G41005100027012,0.082
281,2010,G41005100027012,47.509
381,2010,G41005100027012,43.428
281,2010,G41005100028022,100
349,2010,G41005100046022,94.385
327,2010,G41005100046022,0.001
326,2010,G41005100046022,4.596
264,2010,G41005100046022,0.702
263,2010,G41005100046022,0.252
430,2010,G41005100046022,0.064
249,2010,G41005100104022,2.156
225,2010,G41005100104022,0.388
192,2010,G41005100104022,20.795
162,2010,G41005100104022,0.051
71,2010,G41005100104022,76.598
143,2010,G41005100104022,0.012
350,2010,G41005100011011,35.959
352,2010,G41005100011011,63.774
434,2010,G41005100011011,0.263
347,2010,G41005100011011,0.005
324,2010,G41005100050001,0.027
291,2010,G41005100050001,44.86
358,2010,G41005100050001,55.113
430,2010,G41005100050001,0.001
101,2010,G41005100101002,0.005
77,2010,G41005100101002,0.825
296,2010,G41005100101002,54.785
99,2010,G41005100101002,44.372
294,2010,G41005100101002,0.014
268,2010,G41005100070002,0.051
39,2010,G41005100070002,0.018
229,2010,G41005100070002,0.379
354,2010,G41005100070002,7.231
357,2010,G41005100070002,15.02
358,2010,G41005100070002,0.416
428,2010,G41005100070002,76.885
145,2010,G41000500229072,100
366,2010,G41006700308031,100
340,2010,G41000500216022,98.67
55,2010,G41000500216022,1.274
37,2010,G41000500216022,0.056
185,2010,G41000500216022,0
107,2010,G41006700310063,0.177
76,2010,G41006700310063,99.823
97,2010,G41006700319071,41.71
258,2010,G41006700319071,0.105
259,2010,G41006700319071,3.168
304,2010,G41006700319071,55.017
302,2010,G41006700314043,69.758
69,2010,G41006700314043,13.733
46,2010,G41006700314043,16.509
24,2010,G41006700316172,100
114,2010,G41006700317033,0.002
51,2010,G41006700317033,99.998
69,2010,G41006700315083,4.402
39,2010,G41006700315083,95.598
39,2010,G41006700315085,100
19,2010,G41006700320033,19.399
258,2010,G41006700320033,0.761
321,2010,G41006700320033,79.84
0,2010,G41000500222051,1.168
300,2010,G41000500222051,60.118
301,2010,G41000500222051,38.714
412,2010,G41006700326043,100
69,2010,G41006700312001,99.928
67,2010,G41006700312001,0.072
19,2010,G41006700320032,15.079
44,2010,G41006700320032,30.504
321,2010,G41006700320032,54.416
145,2010,G41000500229052,97.89
149,2010,G41000500229052,2.11
123,2010,G41000500239022,100
300,2010,G41000500221051,95.667
301,2010,G41000500221051,4.143
306,2010,G41000500221051,0.19
412,2010,G41006700326061,100
104,2010,G41006700319091,0.01
97,2010,G41006700319091,99.99
113,2010,G41006700321101,14.766
121,2010,G41006700321101,0.024
21,2010,G41006700321101,2.085
262,2010,G41006700321101,0.015
321,2010,G41006700321101,42.539
339,2010,G41006700321101,0.043
373,2010,G41006700321101,40.527
68,2010,G41000500222082,0
133,2010,G41000500222082,5.543
125,2010,G41000500222082,1.821
137,2010,G41000500222082,17.133
49,2010,G41000500222082,0.007
301,2010,G41000500222082,75.496
366,2010,G41006700308013,99.997
97,2010,G41006700308013,0.003
366,2010,G41000500203022,0.155
70,2010,G41000500203022,14.607
155,2010,G41000500203022,0
15,2010,G41000500203022,85.238
68,2010,G41000500222061,3.472
0,2010,G41000500222061,2.368
49,2010,G41000500222061,77.77
300,2010,G41000500222061,1.423
301,2010,G41000500222061,14.968
128,2010,G41000500239023,0.205
123,2010,G41000500239023,99.795
114,2010,G41006700330001,21.167
83,2010,G41006700330001,78.694
31,2010,G41006700330001,0.073
84,2010,G41006700330001,0.037
85,2010,G41006700330001,0.023
412,2010,G41006700330001,0.007
85,2010,G41006700336001,93.052
250,2010,G41006700336001,6.948
285,2010,G41000500206003,9.331
377,2010,G41000500206003,0
110,2010,G41000500206003,0.022
41,2010,G41000500206003,7.827
58,2010,G41000500206003,46.624
109,2010,G41000500206003,0.719
135,2010,G41000500206003,23.105
287,2010,G41000500206003,0.048
313,2010,G41000500206003,9.034
410,2010,G41000500206003,0.153
112,2010,G41000500242004,99.673
140,2010,G41000500242004,0.01
51,2010,G41006700316132,97.161
46,2010,G41006700316132,2.839
229,2010,G41006700315044,82.287
442,2010,G41006700315044,17.713
31,2010,G41006700331022,0.158
84,2010,G41006700331022,99.842
0,2010,G41000500216013,100
113,2010,G41000500244002,98.568
339,2010,G41000500244002,1.432
366,2010,G41006700319042,0.039
97,2010,G41006700319042,99.961
366,2010,G41006700319075,0.033
258,2010,G41006700319075,1.872
304,2010,G41006700319075,98.095
149,2010,G41000500227082,1.206
126,2010,G41000500227082,20.67
113,2010,G41000500227082,78.124
285,2010,G41000500205043,8.844
377,2010,G41000500205043,70.452
135,2010,G41000500205043,0.025
131,2010,G41000500205043,13.345
287,2010,G41000500205043,7.334
114,2010,G41006700322004,99.741
302,2010,G41006700314033,88.434
17,2010,G41006700314033,6.08
46,2010,G41006700314033,5.487
8,2010,G41000500227022,0
262,2010,G41000500227022,91.787
288,2010,G41000500227022,0.057
313,2010,G41000500227022,0.427
339,2010,G41000500227022,7.725
373,2010,G41000500227022,0.004
93,2010,G41000500219001,61.195
61,2010,G41000500219001,38.779
106,2010,G41000500219001,0.025
51,2010,G41006700316151,99.999
412,2010,G41006700316151,0.001
229,2010,G41006700315121,100
39,2010,G41006700315084,99.126
229,2010,G41006700315084,0.685
428,2010,G41006700315084,0.189
113,2010,G41000500244001,62.887
339,2010,G41000500244001,37.113
229,2010,G41006700315133,100
74,2010,G41000500224002,100
51,2010,G41006700317042,100
412,2010,G41006700326045,98.217
442,2010,G41006700326045,1.783
51,2010,G41006700317043,99.932
223,2010,G41006700317043,0.068
366,2010,G41006700306003,100
145,2010,G41000500229071,100
229,2010,G41006700315143,100
30,2010,G41005100099042,98.612
75,2010,G41005100099042,0.827
47,2010,G41005100099042,0.561
358,2010,G41005100048003,100
181,2010,G41005100001004,100
275,2010,G41005100036012,0.087
224,2010,G41005100036012,0
276,2010,G41005100036012,99.806
295,2010,G41005100036012,0.107
434,2010,G41005100060021,2.854
194,2010,G41005100060021,91.292
391,2010,G41005100060021,5.854
282,2010,G41005100080021,95.855
298,2010,G41005100080021,3.996
289,2010,G41005100080021,0.137
367,2010,G41005100080021,0.012
344,2010,G41005100092021,61.273
323,2010,G41005100092021,0.114
342,2010,G41005100092021,38.613
365,2010,G41005100030002,0.009
362,2010,G41005100030002,0.001
381,2010,G41005100030002,99.987
383,2010,G41005100030002,0.003
352,2010,G41005100012011,46.746
319,2010,G41005100012011,0.013
328,2010,G41005100012011,53.241
328,2010,G41005100014002,99.964
351,2010,G41005100014002,0.001
325,2010,G41005100014002,0.036
325,2010,G41005100015001,100
349,2010,G41005100046021,71.314
327,2010,G41005100046021,9.107
326,2010,G41005100046021,0.032
430,2010,G41005100046021,19.546
37,2010,G41000500202005,5.699
136,2010,G41000500202005,15.173
139,2010,G41000500202005,1.935
178,2010,G41000500202005,23.468
167,2010,G41000500202005,0.03
157,2010,G41000500202005,0.004
176,2010,G41000500202005,53.369
255,2010,G41000500202005,0.322
73,2010,G41000500203031,18.405
12,2010,G41000500203031,81.595
0,2010,G41000500222013,100
114,2010,G41006700318041,0.05
104,2010,G41006700318041,20.802
223,2010,G41006700318041,79.148
97,2010,G41006700318041,0
84,2010,G41006700332003,100
51,2010,G41006700316153,100
165,2010,G41000500225003,0
413,2010,G41000500225003,49.369
188,2010,G41000500225003,50.483
410,2010,G41000500225003,0.148
69,2010,G41006700304013,6.272
35,2010,G41006700304013,4.072
20,2010,G41006700304013,89.657
281,2010,G41005100029013,26.955
331,2010,G41005100029013,53.852
362,2010,G41005100029013,19.193
275,2010,G41005100038021,51.69
269,2010,G41005100038021,0.073
363,2010,G41005100038021,48.237
105,2010,G41005100069002,0.001
349,2010,G41005100069002,93.105
346,2010,G41005100069002,0.01
180,2010,G41005100069002,6.884
366,2010,G41006700308032,100
229,2010,G41006700315043,100
43,2010,G41000500232021,100
412,2010,G41006700325012,100
51,2010,G41006700317052,99.984
46,2010,G41006700317052,0.016
51,2010,G41006700316121,94.141
46,2010,G41006700316121,5.859
107,2010,G41006700310043,100
342,2010,G41005100097023,92.689
101,2010,G41005100097023,7.311
422,2010,G41005100099034,100
251,2010,G41005100104073,0.571
53,2010,G41005100104073,99.429
322,2010,G41005100005014,100
348,2010,G41005100005014,0
341,2010,G41005100089011,4.455
137,2010,G41005100089011,95.528
422,2010,G41005100089011,0.003
437,2010,G41005100089011,0.01
301,2010,G41005100089011,0.004
350,2010,G41005100012021,86.753
352,2010,G41005100012021,0
328,2010,G41005100012021,0.003
351,2010,G41005100012021,13.244
315,2010,G41005100019001,74.986
293,2010,G41005100019001,2.319
281,2010,G41005100019001,0.007
320,2010,G41005100019001,22.688
350,2010,G41005100057003,4.514
324,2010,G41005100057003,95.326
434,2010,G41005100057003,0.16
3,2010,G41005100065013,99.911
132,2010,G41005100065013,0.083
65,2010,G41005100065013,0.007
409,2010,G41005100065013,0
175,2010,G41000500214003,2.163
37,2010,G41000500214003,75.42
158,2010,G41000500214003,0.374
191,2010,G41000500214003,22.042
19,2010,G41006700320042,28.368
262,2010,G41006700320042,0.023
288,2010,G41006700320042,59.023
373,2010,G41006700320042,12.586
20,2010,G41006700309002,0.027
366,2010,G41006700309002,99.973
366,2010,G41006700308061,99.938
15,2010,G41006700308061,0.062
147,2010,G41000500216014,3.76
0,2010,G41000500216014,96.24
105,2010,G41006700303003,27.847
18,2010,G41006700303003,24.245
20,2010,G41006700303003,0.016
303,2010,G41006700303003,47.892
134,2010,G41000500204042,93.081
9,2010,G41000500204042,6.878
262,2010,G41000500204042,0.041
0,2010,G41000500216012,100
24,2010,G41006700326071,1.209
229,2010,G41006700326071,0.009
412,2010,G41006700326071,64.135
442,2010,G41006700326071,34.647
78,2010,G41000500231002,95.788
140,2010,G41000500231002,0.088
57,2010,G41000500231002,4.124
177,2010,G41005100104101,0.068
189,2010,G41005100104101,0.004
251,2010,G41005100104101,99.928
298,2010,G41005100079001,99.968
367,2010,G41005100079001,0.032
367,2010,G41005100102003,0.001
36,2010,G41005100102003,13.807
77,2010,G41005100102003,5.238
218,2010,G41005100102003,2.109
246,2010,G41005100102003,65.016
296,2010,G41005100102003,13.672
220,2010,G41005100102003,0.001
170,2010,G41005100102003,0.001
418,2010,G41005100102003,0.049
147,2010,G41005100005012,0.03
322,2010,G41005100005012,99.97
319,2010,G41005100023031,0.009
311,2010,G41005100023031,27.47
291,2010,G41005100023031,0.298
277,2010,G41005100023031,71.979
358,2010,G41005100023031,0.016
364,2010,G41005100023031,0.227
319,2010,G41005100025023,1.793
278,2010,G41005100025023,0.004
312,2010,G41005100025023,98.203
271,2010,G41005100041022,48.597
40,2010,G41005100041022,51.403
343,2010,G41005100067011,0
132,2010,G41005100067011,0.264
63,2010,G41005100067011,99.736
186,2010,G41000500209003,99.826
172,2010,G41000500209003,0.049
355,2010,G41000500209003,0
52,2010,G41000500209003,0.125
84,2010,G41006700333012,100
3,2010,G41006700305023,15.365
65,2010,G41006700305023,83.67
20,2010,G41006700305023,0.966
112,2010,G41000500236003,83.432
78,2010,G41000500236003,16.374
140,2010,G41000500236003,0.193
46,2010,G41006700315061,6.131
229,2010,G41006700315061,93.869
65,2010,G41006700306002,0.069
366,2010,G41006700306002,99.931
412,2010,G41006700326034,100
97,2010,G41006700319041,100
148,2010,G41000500229011,0.282
145,2010,G41000500229011,84.173
110,2010,G41000500229011,15.361
339,2010,G41000500229011,0.185
51,2010,G41006700316131,99.51
46,2010,G41006700316131,0.49
353,2010,G41005100071001,1.637
357,2010,G41005100071001,0.029
428,2010,G41005100071001,0.002
442,2010,G41005100071001,0.629
173,2010,G41005100029034,99.873
317,2010,G41005100029034,0.127
68,2010,G41005100089013,0.023
125,2010,G41005100089013,0.002
137,2010,G41005100089013,99.951
437,2010,G41005100089013,0.013
49,2010,G41005100089013,0
301,2010,G41005100089013,0.011
363,2010,G41005100038031,49.745
364,2010,G41005100038031,50.255
281,2010,G41005100027011,35.096
362,2010,G41005100027011,0.018
381,2010,G41005100027011,64.886
316,2010,G41005100047003,4.844
358,2010,G41005100047003,94.888
430,2010,G41005100047003,0.268
412,2010,G41006700324065,100
114,2010,G41006700319081,31.197
97,2010,G41006700319081,68.641
259,2010,G41006700319081,0.149
304,2010,G41006700319081,0.013
51,2010,G41006700317062,99.953
223,2010,G41006700317062,0.047
93,2010,G41000500221082,10.767
16,2010,G41000500221082,86.093
55,2010,G41000500221082,1.915
301,2010,G41000500221082,1.225
144,2010,G41000500224003,1.05
74,2010,G41000500224003,98.95
46,2010,G41006700315071,14.391
39,2010,G41006700315071,83.462
229,2010,G41006700315071,0.256
414,2010,G41006700315071,0.168
421,2010,G41006700315071,1.724
257,2010,G41006700302001,78.096
18,2010,G41006700302001,10.307
69,2010,G41006700302001,11.316
39,2010,G41006700302001,0.125
28,2010,G41006700302001,0.001
419,2010,G41006700302001,0.156
349,2010,G41005100060011,0.01
434,2010,G41005100060011,12.645
435,2010,G41005100060011,66.713
194,2010,G41005100060011,20.632
156,2010,G41005100078001,0.085
95,2010,G41005100078001,9.44
298,2010,G41005100078001,90.475
147,2010,G41005100088002,100
351,2010,G41005100009011,100
60,2010,G41005100033012,100
320,2010,G41005100018012,99.843
325,2010,G41005100018012,0.157
273,2010,G41005100040022,100
272,2010,G41005100040022,0
370,2010,G41005100026001,14.145
381,2010,G41005100026001,85.789
383,2010,G41005100026001,0.067
77,2010,G41005100096051,0.258
418,2010,G41005100096051,99.742
76,2010,G41006700310062,99.817
35,2010,G41006700310062,0.037
366,2010,G41006700310062,0.146
51,2010,G41006700316141,99.486
24,2010,G41006700316141,0.002
412,2010,G41006700316141,0.512
115,2010,G41000500230021,16.573
89,2010,G41000500230021,0
120,2010,G41000500230021,27.884
219,2010,G41000500230021,55.543
123,2010,G41000500237001,0.377
148,2010,G41000500237001,0.824
89,2010,G41000500237001,43.554
145,2010,G41000500237001,16.258
120,2010,G41000500237001,38.987
223,2010,G41006700318051,100
121,2010,G41006700321071,0.04
21,2010,G41006700321071,0.084
0,2010,G41006700321071,3.503
19,2010,G41006700321071,0.048
44,2010,G41006700321071,11.729
321,2010,G41006700321071,84.597
157,2010,G41000500201003,0.394
176,2010,G41000500201003,0.008
195,2010,G41000500201003,99.598
434,2010,G41005100062001,22.688
161,2010,G41005100062001,0.022
244,2010,G41005100062001,0.055
391,2010,G41005100062001,77.235
189,2010,G41005100103063,99.614
162,2010,G41005100103063,0.232
200,2010,G41005100103063,0.154
275,2010,G41005100072021,0.001
224,2010,G41005100072021,1.409
272,2010,G41005100072021,0.036
270,2010,G41005100072021,1.911
269,2010,G41005100072021,18.527
40,2010,G41005100072021,54.094
390,2010,G41005100072021,16.913
411,2010,G41005100072021,1.663
248,2010,G41005100072021,0.131
276,2010,G41005100072021,0.003
365,2010,G41005100072021,0.001
295,2010,G41005100072021,3.389
331,2010,G41005100076002,0
362,2010,G41005100076002,100
351,2010,G41005100009022,0
375,2010,G41005100009022,0.088
438,2010,G41005100009022,99.912
59,2010,G41005100032001,77.756
365,2010,G41005100032001,22.244
342,2010,G41005100098042,99.377
378,2010,G41005100098042,0.623
269,2010,G41005100038013,99.971
363,2010,G41005100038013,0.029
272,2010,G41005100041011,0.913
269,2010,G41005100041011,1.027
40,2010,G41005100041011,98.06
72,2010,G41005100098012,50.081
101,2010,G41005100098012,49.919
76,2010,G41006700310052,0
67,2010,G41006700310052,0.202
35,2010,G41006700310052,99.798
2,2010,G41000500203042,0
73,2010,G41000500203042,99.26
12,2010,G41000500203042,0.739
2,2010,G41000500203041,0.029
366,2010,G41000500203041,3.578
15,2010,G41000500203041,0.169
14,2010,G41000500203041,45.861
73,2010,G41000500203041,50.363
12,2010,G41000500203041,0.001
112,2010,G41000500235004,0.43
140,2010,G41000500235004,99.57
115,2010,G41000500237003,28.191
89,2010,G41000500237003,21.95
120,2010,G41000500237003,0.005
219,2010,G41000500237003,49.853
113,2010,G41000500244003,99.989
339,2010,G41000500244003,0.011
51,2010,G41006700317032,100
71,2010,G41000500233003,0.094
43,2010,G41000500233003,2.414
111,2010,G41000500233003,97.466
146,2010,G41000500233003,0.026
412,2010,G41006700326042,100
114,2010,G41007100303021,0.056
349,2010,G41005100058001,94.865
327,2010,G41005100058001,0.129
324,2010,G41005100058001,1.616
434,2010,G41005100058001,3.39
342,2010,G41005100097021,40.008
72,2010,G41005100097021,0.024
101,2010,G41005100097021,59.969
342,2010,G41005100091023,0.062
137,2010,G41005100091023,44.956
378,2010,G41005100091023,54.982
63,2010,G41005100061002,0
194,2010,G41005100061002,100
253,2010,G41005100100012,0.095
47,2010,G41005100100012,99.738
99,2010,G41005100100012,0.167
374,2010,G41005100003014,0.168
375,2010,G41005100003014,99.713
438,2010,G41005100003014,0.119
132,2010,G41005100066012,98.92
63,2010,G41005100066012,0.957
20,2010,G41005100066012,0.122
2,2010,G41005100064042,78.873
286,2010,G41005100064042,0.603
3,2010,G41005100064042,4.381
366,2010,G41005100064042,0.924
409,2010,G41005100064042,0.059
73,2010,G41005100064042,0.006
12,2010,G41005100064042,15.155
30,2010,G41005100099043,99.429
75,2010,G41005100099043,0.571
173,2010,G41005100029031,99.431
156,2010,G41005100029031,0.518
95,2010,G41005100029031,0.049
331,2010,G41005100029031,0.002
244,2010,G41005100001006,8.2
181,2010,G41005100001006,91.8
315,2010,G41005100018013,0.013
281,2010,G41005100018013,3.696
320,2010,G41005100018013,96.234
325,2010,G41005100018013,0.058
281,2010,G41005100075002,0.004
362,2010,G41005100075002,99.971
381,2010,G41005100075002,0.025
181,2010,G41005100002003,88.894
190,2010,G41005100002003,1.101
431,2010,G41005100002003,8.197
432,2010,G41005100002003,1.807
80,2010,G41005100003023,1.699
407,2010,G41005100003023,98.301
329,2010,G41005100082023,99.861
344,2010,G41005100082023,0
437,2010,G41005100082023,0.139
322,2010,G41005100005011,100
348,2010,G41005100005011,0
68,2010,G41005100005022,0.049
322,2010,G41005100005022,99.949
348,2010,G41005100005022,0.002
68,2010,G41005100085002,54.063
137,2010,G41005100085002,0
380,2010,G41005100085002,45.818
437,2010,G41005100085002,0.119
72,2010,G41005100098031,99.252
30,2010,G41005100098031,0.073
75,2010,G41005100098031,0.675
325,2010,G41005100007014,0.761
436,2010,G41005100007014,99.239
369,2010,G41005100095012,3.857
367,2010,G41005100095012,96.095
36,2010,G41005100095012,0.048
351,2010,G41005100008024,0.313
348,2010,G41005100008024,0.109
438,2010,G41005100008024,99.577
350,2010,G41005100009014,50.108
351,2010,G41005100009014,49.892
350,2010,G41005100010005,0.091
347,2010,G41005100010005,99.909
331,2010,G41005100029012,99.991
362,2010,G41005100029012,0.009
173,2010,G41005100029032,100
437,2010,G41005100090003,100
350,2010,G41005100010002,24.425
347,2010,G41005100010002,75.559
375,2010,G41005100010002,0.011
438,2010,G41005100010002,0.005
350,2010,G41005100012022,90.167
351,2010,G41005100012022,9.833
60,2010,G41005100033013,92.069
59,2010,G41005100033013,7.931
368,2010,G41005100034011,52.716
60,2010,G41005100034011,47.284
296,2010,G41005100103042,0.94
294,2010,G41005100103042,99.042
177,2010,G41005100103042,0.001
169,2010,G41005100103042,0.017
325,2010,G41005100016015,99.94
314,2010,G41005100016015,0.06
365,2010,G41005100036021,99.967
295,2010,G41005100036021,0.033
341,2010,G41005100089012,38.607
137,2010,G41005100089012,60.85
437,2010,G41005100089012,0.543
314,2010,G41005100016024,100
173,2010,G41005100018011,2.656
281,2010,G41005100018011,9.314
320,2010,G41005100018011,88.027
314,2010,G41005100018011,0.002
275,2010,G41005100037021,99.998
368,2010,G41005100037021,0.001
60,2010,G41005100037021,0
276,2010,G41005100037021,0
56,2010,G41005100104091,0.044
53,2010,G41005100104091,0.318
38,2010,G41005100104091,99.638
143,2010,G41005100105003,4.391
199,2010,G41005100105003,34.196
23,2010,G41005100105003,61.037
269,2010,G41005100039013,99.999
363,2010,G41005100039013,0.001
105,2010,G41005100068011,0.001
349,2010,G41005100068011,0.02
63,2010,G41005100068011,0.138
346,2010,G41005100068011,99.841
277,2010,G41005100022033,85.197
278,2010,G41005100022033,14.803
311,2010,G41005100024021,0.008
278,2010,G41005100024021,99.989
312,2010,G41005100024021,0.002
271,2010,G41005100041023,91.83
40,2010,G41005100041023,8.17
342,2010,G41005100091022,57.82
137,2010,G41005100091022,1.267
378,2010,G41005100091022,0.211
437,2010,G41005100091022,40.702
319,2010,G41005100026003,0
312,2010,G41005100026003,0
82,2010,G41005100026003,8.388
315,2010,G41005100026003,0.779
293,2010,G41005100026003,16.841
292,2010,G41005100026003,4.94
318,2010,G41005100026003,69.052
271,2010,G41005100042002,81.493
40,2010,G41005100042002,18.507
349,2010,G41005100046012,0.169
326,2010,G41005100046012,0.058
264,2010,G41005100046012,43.266
263,2010,G41005100046012,52.29
268,2010,G41005100046012,0.071
430,2010,G41005100046012,4.146
367,2010,G41005100095021,100
350,2010,G41005100057001,2.9
324,2010,G41005100057001,10.86
434,2010,G41005100057001,86.241
358,2010,G41005100048001,100
296,2010,G41005100103041,46.568
294,2010,G41005100103041,53.432
367,2010,G41005100094001,0.049
36,2010,G41005100094001,98.307
418,2010,G41005100094001,1.644
358,2010,G41005100049002,99.963
430,2010,G41005100049002,0.037
149,2010,G41000500228001,12.11
113,2010,G41000500228001,87.89
148,2010,G41000500238002,99.588
145,2010,G41000500238002,0.412
76,2010,G41006700310051,0.064
35,2010,G41006700310051,99.936
104,2010,G41006700319092,1.084
97,2010,G41006700319092,98.916
355,2010,G41000500211002,99.939
52,2010,G41000500211002,0.061
69,2010,G41006700311001,14.99
35,2010,G41006700311001,85.01
69,2010,G41006700312003,99.741
32,2010,G41006700312003,0.259
321,2010,G41006700321041,100
46,2010,G41006700315072,1.651
39,2010,G41006700315072,98.349
229,2010,G41006700315132,100
229,2010,G41006700315092,42.484
428,2010,G41006700315092,0.076
442,2010,G41006700315092,57.44
65,2010,G41006700305014,77.166
20,2010,G41006700305014,0.602
366,2010,G41006700305014,22.232
46,2010,G41006700316102,97.928
24,2010,G41006700316102,2.072
84,2010,G41006700331011,32.618
85,2010,G41006700331011,67.382
145,2010,G41000500230022,6.332
120,2010,G41000500230022,45.099
110,2010,G41000500230022,46.627
219,2010,G41000500230022,1.942
16,2010,G41000500221053,36.355
300,2010,G41000500221053,49.124
301,2010,G41000500221053,14.521
412,2010,G41006700325032,100
412,2010,G41006700324082,100
145,2010,G41000500229042,96.125
149,2010,G41000500229042,3.875
112,2010,G41000500235003,6.479
78,2010,G41000500235003,0.685
140,2010,G41000500235003,92.836
128,2010,G41000500240001,98.416
123,2010,G41000500240001,1.476
148,2010,G41000500240001,0.007
0,2010,G41000500222012,100
0,2010,G41006700321091,55.844
44,2010,G41006700321091,28.078
321,2010,G41006700321091,16.079
151,2010,G41000500243021,0.283
124,2010,G41000500243021,95.762
142,2010,G41000500243021,2.382
127,2010,G41000500243021,1.487
93,2010,G41000500221014,48.662
55,2010,G41000500221014,51.338
366,2010,G41006700308011,45.718
97,2010,G41006700308011,54.282
13,2010,G41000500221032,52.024
300,2010,G41000500221032,0.001
301,2010,G41000500221032,41.486
308,2010,G41000500221032,6.489
76,2010,G41006700305011,0.506
35,2010,G41006700305011,10.336
20,2010,G41006700305011,89.158
257,2010,G41006700302002,89.395
69,2010,G41006700302002,10.59
28,2010,G41006700302002,0.015
250,2010,G41006700335001,42.011
81,2010,G41006700335001,57.929
71,2010,G41000500234012,0.041
111,2010,G41000500234012,51.803
146,2010,G41000500234012,48.157
151,2010,G41000500243032,99.818
46,2010,G41006700316111,100
31,2010,G41006700329011,65.894
250,2010,G41006700329011,33.054
412,2010,G41006700329011,0.017
442,2010,G41006700329011,1.035
110,2010,G41000500226022,81.588
108,2010,G41000500226022,3.965
413,2010,G41000500226022,0.001
188,2010,G41000500226022,7.466
313,2010,G41000500226022,0.194
339,2010,G41000500226022,0.461
410,2010,G41000500226022,6.325
377,2010,G41000500205012,0.172
135,2010,G41000500205012,3.087
262,2010,G41000500205012,48.474
284,2010,G41000500205012,13.185
313,2010,G41000500205012,35.081
24,2010,G41006700315041,0.132
229,2010,G41006700315041,99.787
442,2010,G41006700315041,0.082
110,2010,G41000500226021,84.824
108,2010,G41000500226021,14.887
165,2010,G41000500226021,0.007
188,2010,G41000500226021,0.006
376,2010,G41000500205041,6.801
377,2010,G41000500205041,5.135
179,2010,G41000500205041,2.621
22,2010,G41000500205041,8.776
134,2010,G41000500205041,3.762
262,2010,G41000500205041,72.904
51,2010,G41006700324063,2.367
412,2010,G41006700324063,97.633
229,2010,G41006700315091,99.978
428,2010,G41006700315091,0.022
92,2010,G41000500232023,0.291
57,2010,G41000500232023,1.633
86,2010,G41000500232023,0.341
43,2010,G41000500232023,60.917
13,2010,G41000500232023,0.426
301,2010,G41000500232023,36.393
61,2010,G41000500217001,15.301
131,2010,G41000500217001,0.527
37,2010,G41000500217001,84.057
136,2010,G41000500217001,0.114
145,2010,G41000500229062,100
412,2010,G41006700326064,100
412,2010,G41006700326081,98.717
442,2010,G41006700326081,1.283
167,2010,G41000500202003,0.794
157,2010,G41000500202003,65.891
66,2010,G41000500202003,29.62
176,2010,G41000500202003,3.395
195,2010,G41000500202003,0.246
255,2010,G41000500202003,0.055
37,2010,G41000500214002,100
51,2010,G41006700317061,21.634
46,2010,G41006700317061,0.4
32,2010,G41006700317061,77.966
46,2010,G41006700315123,5.338
229,2010,G41006700315123,91.663
229,2010,G41006700315141,100
285,2010,G41000500224004,0.324
74,2010,G41000500224004,58.786
58,2010,G41000500224004,0.662
109,2010,G41000500224004,31.526
410,2010,G41000500224004,8.701
51,2010,G41006700317045,99.102
223,2010,G41006700317045,0.898
69,2010,G41006700312002,70.312
46,2010,G41006700312002,0.009
32,2010,G41006700312002,29.679
78,2010,G41000500231001,40.589
140,2010,G41000500231001,0.04
92,2010,G41000500231001,8.135
57,2010,G41000500231001,51.162
86,2010,G41000500231001,0.028
43,2010,G41000500231001,0.044
122,2010,G41006700302003,1.408
119,2010,G41006700302003,0.105
222,2010,G41006700302003,70.76
69,2010,G41006700302003,24.82
46,2010,G41006700302003,2.906
31,2010,G41006700329021,100
18,2010,G41006700302004,100
18,2010,G41006700313002,3.03
69,2010,G41006700313002,17.199
20,2010,G41006700313002,21.81
303,2010,G41006700313002,57.175
356,2010,G41006700313002,0.297
326,2010,G41005100052004,0.007
358,2010,G41005100052004,0.039
430,2010,G41005100052004,99.954
344,2010,G41005100081002,93.169
314,2010,G41005100081002,6.831
329,2010,G41005100092013,99.827
344,2010,G41005100092013,0.082
437,2010,G41005100092013,0.09
277,2010,G41005100034022,0.003
265,2010,G41005100034022,0
368,2010,G41005100034022,0.001
384,2010,G41005100034022,99.996
319,2010,G41005100019004,0.065
82,2010,G41005100019004,0.258
315,2010,G41005100019004,99.553
293,2010,G41005100019004,0.124
315,2010,G41005100027022,0.585
293,2010,G41005100027022,43.338
281,2010,G41005100027022,56.077
105,2010,G41006700304011,79.754
20,2010,G41006700304011,20.246
366,2010,G41006700320054,12.529
19,2010,G41006700320054,0.022
321,2010,G41006700320054,87.448
186,2010,G41000500209001,69.159
172,2010,G41000500209001,0
190,2010,G41000500209001,22.24
90,2010,G41000500209001,0.379
27,2010,G41000500209001,0.217
80,2010,G41000500209001,2.415
94,2010,G41000500209001,0
52,2010,G41000500209001,5.59
97,2010,G41006700319123,100
302,2010,G41006700314041,91.216
69,2010,G41006700314041,2.597
46,2010,G41006700314041,6.188
51,2010,G41006700324081,0.019
24,2010,G41006700324081,1.008
412,2010,G41006700324081,98.973
107,2010,G41006700310034,50.761
245,2010,G41006700310034,0.496
67,2010,G41006700310034,48.743
